time;null;null;VEL;VEL_filter
0;0;0;0;nan
1;0;0;0;nan
2;0;0;0;nan
3;0;0;0;nan
4;0;0;0;nan
5;0;0;0;nan
6;0;0;0;nan
7;0;0;0;nan
8;0;0;0;nan
9;0;0;0;0.0
10;0;0;0;0.0
11;0;0;0;0.0
12;0;0;0;0.0
13;0;0;0;0.0
14;0;0;0;0.0
15;0;0;0;0.0
16;0;0;0;0.0
17;0;0;0;0.0
18;0;0;0;0.0
19;0;0;0;0.0
20;0;0;0;0.0
21;0;0;0;0.0
22;0;0;0;0.0
23;0;0;0;0.0
24;0;0;0;0.0
25;0;0;0;0.0
26;0;0;0;0.0
27;0;0;0;0.0
28;0;0;0;0.0
29;0;0;0;0.0
30;0;0;0;0.0
31;0;0;0;0.0
32;0;0;0;0.0
33;0;0;0;0.0
34;0;0;0;0.0
35;0;0;0;0.0
36;0;0;0;0.0
37;0;0;0;0.0
38;0;0;0;0.0
39;0;0;0;0.0
40;0;0;0;0.0
41;0;0;0;0.0
42;0;0;0;0.0
43;0;0;0;0.0
44;0;0;0;0.0
45;0;0;0;0.0
46;0;0;0;0.0
47;0;0;0;0.0
48;0;0;0;0.0
49;0;0;0;0.0
50;0;0;0;0.0
51;0;0;0;0.0
52;0;0;0;0.0
53;0;0;0;0.0
54;0;0;0;0.0
55;0;0;0;0.0
56;0;0;0;0.0
57;0;0;0;0.0
58;0;0;0;0.0
59;0;0;0;0.0
60;0;0;0;0.0
61;0;0;0;0.0
62;0;0;0;0.0
63;0;0;0;0.0
64;0;0;0;0.0
65;0;0;0;0.0
66;0;0;0;0.0
67;0;0;0;0.0
68;0;0;0;0.0
69;0;0;0;0.0
70;0;0;0;0.0
71;0;0;0;0.0
72;0;0;0;0.0
73;0;0;0;0.0
74;0;0;0;0.0
75;0;0;0;0.0
76;0;0;0;0.0
77;0;0;0;0.0
78;0;0;0;0.0
79;0;0;0;0.0
80;0;0;0;0.0
81;0;0;0;0.0
82;0;0;0;0.0
83;0;0;0;0.0
84;0;0;0;0.0
85;0;0;0;0.0
86;0;0;0;0.0
87;0;0;0;0.0
88;0;0;0;0.0
89;0;0;0;0.0
90;0;0;0;0.0
91;0;0;0;0.0
92;0;0;0;0.0
93;0;0;0;0.0
94;0;0;0;0.0
95;0;0;0;0.0
96;0;0;0;0.0
97;0;0;0;0.0
98;0;0;0;0.0
99;0;0;0;0.0
100;0;0;0;0.0
101;0;0;0;0.0
102;0;0;0;0.0
103;0;0;0;0.0
104;0;0;0;0.0
105;0;0;0;0.0
106;0;0;0;0.0
107;0;0;0;0.0
108;0;0;0;0.0
109;0;0;0;0.0
110;0;0;0;0.0
111;0;0;0;0.0
112;0;0;0;0.0
113;0;0;0;0.0
114;0;0;0;0.0
115;0;0;0;0.0
116;0;0;0;0.0
117;0;0;0;0.0
118;0;0;0;0.0
119;0;0;0;0.0
120;0;0;0;0.0
121;0;0;0;0.0
122;0;0;0;0.0
123;0;0;0;0.0
124;0;0;0;0.0
125;0;0;0;0.0
126;0;0;0;0.0
127;0;0;0;0.0
128;0;0;0;0.0
129;0;0;0;0.0
130;0;0;0;0.0
131;0;0;0;0.0
132;0;0;0;0.0
133;0;0;0;0.0
134;0;0;0;0.0
135;0;0;0;0.0
136;0;0;0;0.0
137;0;0;0;0.0
138;0;0;0;0.0
139;0;0;0;0.0
140;0;0;0;0.0
141;0;0;0;0.0
142;0;0;0;0.0
143;0;0;0;0.0
144;0;0;0;0.0
145;0;0;0;0.0
146;0;0;0;0.0
147;0;0;0;0.0
148;0;0;0;0.0
149;0;0;0;0.0
150;0;0;0;0.0
151;0;0;0;0.0
152;0;0;0;0.0
153;0;0;0;0.0
154;0;0;0;0.0
155;0;0;0;0.0
156;0;0;0;0.0
157;0;0;0;0.0
158;0;0;0;0.0
159;0;0;0;0.0
160;0;0;0;0.0
161;0;0;0;0.0
162;0;0;0;0.0
163;0;0;0;0.0
164;0;0;0;0.0
165;0;0;0;0.0
166;0;0;0;0.0
167;0;0;-3;-0.3
168;0;0;-3;-0.6
169;0;0;-3;-0.9
170;0;0;3;-0.6
171;0;0;0;-0.6
172;0;0;0;-0.6
173;0;0;0;-0.6
174;0;0;0;-0.6
175;0;0;0;-0.6
176;0;0;0;-0.6
177;0;0;0;-0.3
178;0;0;0;0.0
179;0;0;0;0.3
180;0;0;0;0.0
181;0;0;0;0.0
182;0;0;0;0.0
183;0;0;0;0.0
184;0;0;0;0.0
185;0;0;0;0.0
186;0;0;0;0.0
187;0;0;0;0.0
188;0;0;0;0.0
189;0;0;0;0.0
190;0;0;0;0.0
191;0;0;0;0.0
192;0;0;0;0.0
193;0;0;0;0.0
194;0;0;0;0.0
195;0;0;0;0.0
196;0;0;0;0.0
197;0;0;0;0.0
198;0;0;0;0.0
199;0;0;0;0.0
200;0;0;0;0.0
201;0;0;0;0.0
202;0;0;0;0.0
203;0;0;0;0.0
204;0;0;0;0.0
205;0;0;0;0.0
206;0;0;0;0.0
207;0;0;0;0.0
208;0;0;0;0.0
209;0;0;0;0.0
210;0;0;0;0.0
211;0;0;0;0.0
212;0;0;0;0.0
213;0;0;0;0.0
214;0;0;0;0.0
215;0;0;0;0.0
216;0;0;0;0.0
217;0;0;0;0.0
218;0;0;0;0.0
219;0;0;0;0.0
220;0;0;0;0.0
221;0;0;0;0.0
222;0;0;0;0.0
223;0;0;0;0.0
224;0;0;0;0.0
225;0;0;0;0.0
226;0;0;0;0.0
227;0;0;0;0.0
228;0;0;0;0.0
229;0;0;0;0.0
230;0;0;0;0.0
231;0;0;0;0.0
232;0;0;0;0.0
233;0;0;0;0.0
234;0;0;0;0.0
235;0;0;0;0.0
236;0;0;0;0.0
237;0;0;0;0.0
238;0;0;0;0.0
239;0;0;0;0.0
240;0;0;0;0.0
241;0;0;0;0.0
242;0;0;0;0.0
243;0;0;0;0.0
244;0;0;0;0.0
245;0;0;0;0.0
246;0;0;0;0.0
247;0;0;0;0.0
248;0;0;0;0.0
249;0;0;0;0.0
250;0;0;0;0.0
251;0;0;0;0.0
252;0;0;0;0.0
253;0;0;0;0.0
254;0;0;0;0.0
255;0;0;0;0.0
256;0;0;0;0.0
257;0;0;0;0.0
258;0;0;0;0.0
259;0;0;0;0.0
260;0;0;0;0.0
261;0;0;0;0.0
262;0;0;0;0.0
263;0;0;0;0.0
264;0;0;0;0.0
265;0;0;0;0.0
266;0;0;0;0.0
267;0;0;0;0.0
268;0;0;0;0.0
269;0;0;0;0.0
270;0;0;0;0.0
271;0;0;0;0.0
272;0;0;0;0.0
273;0;0;0;0.0
274;0;0;0;0.0
275;0;0;0;0.0
276;0;0;0;0.0
277;0;0;0;0.0
278;0;0;0;0.0
279;0;0;0;0.0
280;0;0;0;0.0
281;0;0;0;0.0
282;0;0;0;0.0
283;0;0;0;0.0
284;0;0;0;0.0
285;0;0;0;0.0
286;0;0;0;0.0
287;0;0;0;0.0
288;0;0;0;0.0
289;0;0;0;0.0
290;0;0;0;0.0
291;0;0;0;0.0
292;0;0;0;0.0
293;0;0;0;0.0
294;0;0;0;0.0
295;0;0;0;0.0
296;0;0;0;0.0
297;0;0;0;0.0
298;0;0;0;0.0
299;0;0;0;0.0
300;0;0;0;0.0
301;0;0;0;0.0
302;0;0;0;0.0
303;0;0;0;0.0
304;0;0;0;0.0
305;0;0;0;0.0
306;0;0;0;0.0
307;0;0;0;0.0
308;0;0;0;0.0
309;0;0;0;0.0
310;0;0;0;0.0
311;0;0;0;0.0
312;0;0;0;0.0
313;0;0;0;0.0
314;0;0;0;0.0
315;0;0;0;0.0
316;0;0;0;0.0
317;0;0;0;0.0
318;0;0;0;0.0
319;0;0;0;0.0
320;0;0;0;0.0
321;0;0;0;0.0
322;0;0;0;0.0
323;0;0;0;0.0
324;0;0;0;0.0
325;0;0;0;0.0
326;0;0;0;0.0
327;0;0;0;0.0
328;0;0;0;0.0
329;0;0;0;0.0
330;0;0;0;0.0
331;0;0;0;0.0
332;0;0;0;0.0
333;0;0;0;0.0
334;0;0;0;0.0
335;0;0;0;0.0
336;0;0;0;0.0
337;0;0;0;0.0
338;0;0;0;0.0
339;0;0;0;0.0
340;0;0;0;0.0
341;0;0;0;0.0
342;0;0;0;0.0
343;0;0;0;0.0
344;0;0;0;0.0
345;0;0;0;0.0
346;0;0;0;0.0
347;0;0;0;0.0
348;0;0;0;0.0
349;0;0;0;0.0
350;0;0;0;0.0
351;0;0;0;0.0
352;0;0;0;0.0
353;0;0;0;0.0
354;0;0;0;0.0
355;0;0;0;0.0
356;0;0;0;0.0
357;0;0;0;0.0
358;0;0;0;0.0
359;0;0;0;0.0
360;0;0;0;0.0
361;0;0;0;0.0
362;0;0;0;0.0
363;0;0;0;0.0
364;0;0;0;0.0
365;0;0;0;0.0
366;0;0;0;0.0
367;0;0;0;0.0
368;0;0;0;0.0
369;0;0;0;0.0
370;0;0;0;0.0
371;0;0;0;0.0
372;0;0;0;0.0
373;0;0;0;0.0
374;0;0;0;0.0
375;0;0;0;0.0
376;0;0;0;0.0
377;0;0;0;0.0
378;0;0;0;0.0
379;0;0;0;0.0
380;0;0;0;0.0
381;0;0;0;0.0
382;0;0;0;0.0
383;0;0;0;0.0
384;0;0;0;0.0
385;0;0;0;0.0
386;0;0;0;0.0
387;0;0;0;0.0
388;0;0;0;0.0
389;0;0;0;0.0
390;0;0;0;0.0
391;0;0;0;0.0
392;0;0;0;0.0
393;0;0;0;0.0
394;0;0;0;0.0
395;0;0;0;0.0
396;0;0;0;0.0
397;0;0;0;0.0
398;0;0;0;0.0
399;0;0;0;0.0
400;0;0;0;0.0
401;0;0;0;0.0
402;0;0;0;0.0
403;0;0;0;0.0
404;0;0;0;0.0
405;0;0;0;0.0
406;0;0;0;0.0
407;0;0;0;0.0
408;0;0;0;0.0
409;0;0;0;0.0
410;0;0;0;0.0
411;0;0;0;0.0
412;0;0;0;0.0
413;0;0;0;0.0
414;0;0;0;0.0
415;0;0;0;0.0
416;0;0;0;0.0
417;0;0;0;0.0
418;0;0;0;0.0
419;0;0;0;0.0
420;0;0;0;0.0
421;0;0;0;0.0
422;0;0;0;0.0
423;0;0;0;0.0
424;0;0;0;0.0
425;0;0;0;0.0
426;0;0;0;0.0
427;0;0;0;0.0
428;0;0;0;0.0
429;0;0;0;0.0
430;0;0;0;0.0
431;0;0;0;0.0
432;0;0;0;0.0
433;0;0;0;0.0
434;0;0;0;0.0
435;0;0;0;0.0
436;0;0;0;0.0
437;0;0;0;0.0
438;0;0;0;0.0
439;0;0;0;0.0
440;0;0;0;0.0
441;0;0;0;0.0
442;0;0;0;0.0
443;0;0;-6;-0.6
444;0;0;-18;-2.4
445;0;0;-30;-5.4
446;0;0;-51;-10.5
447;0;0;-60;-16.5
448;0;0;-54;-21.9
449;0;0;-72;-29.1
450;0;0;-87;-37.8
451;0;0;-114;-49.2
452;0;0;-96;-58.8
453;0;0;-108;-69.0
454;0;0;-156;-82.8
455;0;0;-108;-90.6
456;0;0;-153;-100.8
457;0;0;-117;-106.5
458;0;0;-171;-118.2
459;0;0;-135;-124.5
460;0;0;-192;-135.0
461;0;0;-156;-139.2
462;0;0;-201;-149.7
463;0;0;-147;-153.6
464;0;0;-201;-158.1
465;0;0;-195;-166.8
466;0;0;-186;-170.1
467;0;0;-240;-182.4
468;0;0;-216;-186.9
469;0;0;-195;-192.9
470;0;0;-216;-195.3
471;0;0;-234;-203.1
472;0;0;-246;-207.6
473;0;0;-216;-214.5
474;0;0;-201;-214.5
475;0;0;-276;-222.6
476;0;0;-294;-233.4
477;0;0;-246;-234.0
478;0;0;-261;-238.5
479;0;0;-249;-243.9
480;0;0;-255;-247.8
481;0;0;-240;-248.4
482;0;0;-297;-253.5
483;0;0;-294;-261.3
484;0;0;-264;-267.6
485;0;0;-315;-271.5
486;0;0;-324;-274.5
487;0;0;-264;-276.3
488;0;0;-300;-280.2
489;0;0;-309;-286.2
490;0;0;-276;-288.3
491;0;0;-351;-299.4
492;0;0;-366;-306.3
493;0;0;-345;-311.4
494;0;0;-408;-325.8
495;0;0;-372;-331.5
496;0;0;-294;-328.5
497;0;0;-327;-334.8
498;0;0;-294;-334.2
499;0;0;-291;-332.4
500;0;0;-252;-330.0
501;0;0;-279;-322.8
502;0;0;-273;-313.5
503;0;0;-246;-303.6
504;0;0;-291;-291.9
505;0;0;-294;-284.1
506;0;0;-249;-279.6
507;0;0;-291;-276.0
508;0;0;-294;-276.0
509;0;0;-255;-272.4
510;0;0;-288;-276.0
511;0;0;-294;-277.5
512;0;0;-261;-276.3
513;0;0;-297;-281.4
514;0;0;-309;-283.2
515;0;0;-273;-281.1
516;0;0;-276;-283.8
517;0;0;-324;-287.1
518;0;0;-348;-292.5
519;0;0;-300;-297.0
520;0;0;-342;-302.4
521;0;0;-360;-309.0
522;0;0;-330;-315.9
523;0;0;-360;-322.2
524;0;0;-369;-328.2
525;0;0;-333;-334.2
526;0;0;-369;-343.5
527;0;0;-354;-346.5
528;0;0;-321;-343.8
529;0;0;-357;-349.5
530;0;0;-342;-349.5
531;0;0;-288;-342.3
532;0;0;-339;-343.2
533;0;0;-318;-339.0
534;0;0;-306;-332.7
535;0;0;-270;-326.4
536;0;0;-306;-320.1
537;0;0;-291;-313.8
538;0;0;-255;-307.2
539;0;0;-297;-301.2
540;0;0;-294;-296.4
541;0;0;-264;-294.0
542;0;0;-309;-291.0
543;0;0;-312;-290.4
544;0;0;-279;-287.7
545;0;0;-303;-291.0
546;0;0;-342;-294.6
547;0;0;-348;-300.3
548;0;0;-318;-306.6
549;0;0;-378;-314.7
550;0;0;-360;-321.3
551;0;0;-324;-327.3
552;0;0;-378;-334.2
553;0;0;-369;-339.9
554;0;0;-351;-347.1
555;0;0;-315;-348.3
556;0;0;-351;-349.2
557;0;0;-333;-347.7
558;0;0;-282;-344.1
559;0;0;-330;-339.3
560;0;0;-309;-334.2
561;0;0;-264;-328.2
562;0;0;-303;-320.7
563;0;0;-297;-313.5
564;0;0;-249;-303.3
565;0;0;-249;-296.7
566;0;0;-288;-290.4
567;0;0;-282;-285.3
568;0;0;-237;-280.8
569;0;0;-270;-274.8
570;0;0;-279;-271.8
571;0;0;-261;-271.5
572;0;0;-306;-271.8
573;0;0;-309;-273.0
574;0;0;-291;-277.2
575;0;0;-219;-274.2
576;0;0;-222;-267.6
577;0;0;-231;-262.5
578;0;0;-240;-262.8
579;0;0;-240;-259.8
580;0;0;-201;-252.0
581;0;0;-204;-246.3
582;0;0;-249;-240.6
583;0;0;-180;-227.7
584;0;0;-204;-219.0
585;0;0;-189;-216.0
586;0;0;-171;-210.9
587;0;0;-222;-210.0
588;0;0;-144;-200.4
589;0;0;-180;-194.4
590;0;0;-192;-193.5
591;0;0;-150;-188.1
592;0;0;-165;-179.7
593;0;0;-147;-176.4
594;0;0;-183;-174.3
595;0;0;-117;-167.1
596;0;0;-174;-167.4
597;0;0;-126;-157.8
598;0;0;-141;-157.5
599;0;0;-132;-152.7
600;0;0;-129;-146.4
601;0;0;-147;-146.1
602;0;0;-102;-139.8
603;0;0;-147;-139.8
604;0;0;-114;-132.9
605;0;0;-99;-131.1
606;0;0;-138;-127.5
607;0;0;-93;-124.2
608;0;0;-108;-120.9
609;0;0;-99;-117.6
610;0;0;-90;-113.7
611;0;0;-117;-110.7
612;0;0;-96;-110.1
613;0;0;-87;-104.1
614;0;0;-105;-103.2
615;0;0;-96;-102.9
616;0;0;-81;-97.2
617;0;0;-87;-96.6
618;0;0;-96;-95.4
619;0;0;-81;-93.6
620;0;0;-69;-91.5
621;0;0;-90;-88.8
622;0;0;-81;-87.3
623;0;0;-69;-85.5
624;0;0;-63;-81.3
625;0;0;-69;-78.6
626;0;0;-84;-78.9
627;0;0;-66;-76.8
628;0;0;-60;-73.2
629;0;0;-57;-70.8
630;0;0;-75;-71.4
631;0;0;-69;-69.3
632;0;0;-51;-66.3
633;0;0;-54;-64.8
634;0;0;-60;-64.5
635;0;0;-57;-63.3
636;0;0;-66;-61.5
637;0;0;-48;-59.7
638;0;0;-48;-58.5
639;0;0;-42;-57.0
640;0;0;-54;-54.9
641;0;0;-60;-54.0
642;0;0;-54;-54.3
643;0;0;-39;-52.8
644;0;0;-45;-51.3
645;0;0;-42;-49.8
646;0;0;-45;-47.7
647;0;0;-42;-47.1
648;0;0;-48;-47.1
649;0;0;-45;-47.4
650;0;0;-36;-45.6
651;0;0;-42;-43.8
652;0;0;-39;-42.3
653;0;0;-30;-41.4
654;0;0;-42;-41.1
655;0;0;-39;-40.8
656;0;0;-33;-39.6
657;0;0;-39;-39.3
658;0;0;-36;-38.1
659;0;0;-30;-36.6
660;0;0;-30;-36.0
661;0;0;-30;-34.8
662;0;0;-30;-33.9
663;0;0;-30;-33.9
664;0;0;-33;-33.0
665;0;0;-33;-32.4
666;0;0;-27;-31.8
667;0;0;-33;-31.2
668;0;0;-27;-30.3
669;0;0;-24;-29.7
670;0;0;-24;-29.1
671;0;0;-27;-28.8
672;0;0;-24;-28.2
673;0;0;-21;-27.3
674;0;0;-24;-26.4
675;0;0;-24;-25.5
676;0;0;-27;-25.5
677;0;0;-24;-24.6
678;0;0;-21;-24.0
679;0;0;-24;-24.0
680;0;0;-24;-24.0
681;0;0;-18;-23.1
682;0;0;-18;-22.5
683;0;0;-27;-23.1
684;0;0;-21;-22.8
685;0;0;-18;-22.2
686;0;0;-21;-21.6
687;0;0;-24;-21.6
688;0;0;-18;-21.3
689;0;0;-18;-20.7
690;0;0;-24;-20.7
691;0;0;-18;-20.7
692;0;0;-21;-21.0
693;0;0;-21;-20.4
694;0;0;-18;-20.1
695;0;0;-15;-19.8
696;0;0;-15;-19.2
697;0;0;-18;-18.6
698;0;0;-15;-18.3
699;0;0;-24;-18.9
700;0;0;-18;-18.3
701;0;0;-12;-17.7
702;0;0;-15;-17.1
703;0;0;-15;-16.5
704;0;0;-18;-16.5
705;0;0;-18;-16.8
706;0;0;-15;-16.8
707;0;0;-15;-16.5
708;0;0;-15;-16.5
709;0;0;-15;-15.6
710;0;0;-18;-15.6
711;0;0;-15;-15.9
712;0;0;-15;-15.9
713;0;0;-15;-15.9
714;0;0;-12;-15.3
715;0;0;-15;-15.0
716;0;0;-12;-14.7
717;0;0;-12;-14.4
718;0;0;-12;-14.1
719;0;0;-15;-14.1
720;0;0;-15;-13.8
721;0;0;-12;-13.5
722;0;0;-12;-13.2
723;0;0;-9;-12.6
724;0;0;-9;-12.3
725;0;0;-12;-12.0
726;0;0;-15;-12.3
727;0;0;-12;-12.3
728;0;0;-12;-12.3
729;0;0;-9;-11.7
730;0;0;-6;-10.8
731;0;0;-9;-10.5
732;0;0;-12;-10.5
733;0;0;-12;-10.8
734;0;0;-12;-11.1
735;0;0;-9;-10.8
736;0;0;-12;-10.5
737;0;0;-12;-10.5
738;0;0;-12;-10.5
739;0;0;-12;-10.8
740;0;0;-9;-11.1
741;0;0;-6;-10.8
742;0;0;-9;-10.5
743;0;0;-9;-10.2
744;0;0;-6;-9.6
745;0;0;-9;-9.6
746;0;0;-9;-9.3
747;0;0;-9;-9.0
748;0;0;-12;-9.0
749;0;0;-15;-9.3
750;0;0;-9;-9.3
751;0;0;-9;-9.6
752;0;0;-6;-9.3
753;0;0;-6;-9.0
754;0;0;-3;-8.7
755;0;0;-6;-8.4
756;0;0;-9;-8.4
757;0;0;-9;-8.4
758;0;0;-12;-8.4
759;0;0;-12;-8.1
760;0;0;-15;-8.7
761;0;0;-9;-8.7
762;0;0;-9;-9.0
763;0;0;-6;-9.0
764;0;0;-9;-9.6
765;0;0;-12;-10.2
766;0;0;-6;-9.9
767;0;0;-9;-9.9
768;0;0;-9;-9.6
769;0;0;-6;-9.0
770;0;0;-3;-7.8
771;0;0;-12;-8.1
772;0;0;-9;-8.1
773;0;0;-9;-8.4
774;0;0;-9;-8.4
775;0;0;-9;-8.1
776;0;0;-6;-8.1
777;0;0;-6;-7.8
778;0;0;-3;-7.2
779;0;0;-9;-7.5
780;0;0;-6;-7.8
781;0;0;-6;-7.2
782;0;0;-6;-6.9
783;0;0;-9;-6.9
784;0;0;-9;-6.9
785;0;0;-12;-7.2
786;0;0;-9;-7.5
787;0;0;-6;-7.5
788;0;0;-6;-7.8
789;0;0;-6;-7.5
790;0;0;-6;-7.5
791;0;0;-6;-7.5
792;0;0;-3;-7.2
793;0;0;-9;-7.2
794;0;0;-6;-6.9
795;0;0;-9;-6.6
796;0;0;-12;-6.9
797;0;0;-12;-7.5
798;0;0;-9;-7.8
799;0;0;-6;-7.8
800;0;0;-3;-7.5
801;0;0;-3;-7.2
802;0;0;-3;-7.2
803;0;0;-6;-6.9
804;0;0;-6;-6.9
805;0;0;-9;-6.9
806;0;0;-12;-6.9
807;0;0;-6;-6.3
808;0;0;-6;-6.0
809;0;0;-6;-6.0
810;0;0;-6;-6.3
811;0;0;-3;-6.3
812;0;0;-12;-7.2
813;0;0;-9;-7.5
814;0;0;-9;-7.8
815;0;0;-9;-7.8
816;0;0;-9;-7.5
817;0;0;-6;-7.5
818;0;0;-6;-7.5
819;0;0;-6;-7.5
820;0;0;-6;-7.5
821;0;0;-6;-7.8
822;0;0;-6;-7.2
823;0;0;-3;-6.6
824;0;0;-9;-6.6
825;0;0;-9;-6.6
826;0;0;-6;-6.3
827;0;0;-9;-6.6
828;0;0;-12;-7.2
829;0;0;-9;-7.5
830;0;0;-6;-7.5
831;0;0;-6;-7.5
832;0;0;-6;-7.5
833;0;0;-6;-7.8
834;0;0;-6;-7.5
835;0;0;-6;-7.2
836;0;0;-6;-7.2
837;0;0;-9;-7.2
838;0;0;-9;-6.9
839;0;0;-9;-6.9
840;0;0;-9;-7.2
841;0;0;-9;-7.5
842;0;0;-9;-7.8
843;0;0;-3;-7.5
844;0;0;-3;-7.2
845;0;0;-3;-6.9
846;0;0;-3;-6.6
847;0;0;-6;-6.3
848;0;0;-6;-6.0
849;0;0;-6;-5.7
850;0;0;-12;-6.0
851;0;0;-9;-6.0
852;0;0;-3;-5.4
853;0;0;-6;-5.7
854;0;0;-9;-6.3
855;0;0;-3;-6.3
856;0;0;-6;-6.6
857;0;0;-6;-6.6
858;0;0;-9;-6.9
859;0;0;-6;-6.9
860;0;0;-6;-6.3
861;0;0;-6;-6.0
862;0;0;-6;-6.3
863;0;0;-6;-6.3
864;0;0;-6;-6.0
865;0;0;-3;-6.0
866;0;0;-6;-6.0
867;0;0;-9;-6.3
868;0;0;-6;-6.0
869;0;0;-6;-6.0
870;0;0;-6;-6.0
871;0;0;-6;-6.0
872;0;0;-6;-6.0
873;0;0;-9;-6.3
874;0;0;-3;-6.0
875;0;0;-3;-6.0
876;0;0;-9;-6.3
877;0;0;-9;-6.3
878;0;0;-6;-6.3
879;0;0;-3;-6.0
880;0;0;-3;-5.7
881;0;0;-3;-5.4
882;0;0;-6;-5.4
883;0;0;-3;-4.8
884;0;0;-3;-4.8
885;0;0;-6;-5.1
886;0;0;-6;-4.8
887;0;0;-6;-4.5
888;0;0;-6;-4.5
889;0;0;-6;-4.8
890;0;0;-6;-5.1
891;0;0;-9;-5.7
892;0;0;-9;-6.0
893;0;0;-9;-6.6
894;0;0;-6;-6.9
895;0;0;-3;-6.6
896;0;0;-3;-6.3
897;0;0;-3;-6.0
898;0;0;-3;-5.7
899;0;0;-3;-5.4
900;0;0;-6;-5.4
901;0;0;-6;-5.1
902;0;0;-9;-5.1
903;0;0;-9;-5.1
904;0;0;-6;-5.1
905;0;0;-6;-5.4
906;0;0;-3;-5.4
907;0;0;-6;-5.7
908;0;0;-6;-6.0
909;0;0;-6;-6.3
910;0;0;-9;-6.6
911;0;0;-9;-6.9
912;0;0;-9;-6.9
913;0;0;-6;-6.6
914;0;0;-9;-6.9
915;0;0;-6;-6.9
916;0;0;-6;-7.2
917;0;0;-3;-6.9
918;0;0;-3;-6.6
919;0;0;-3;-6.3
920;0;0;-6;-6.0
921;0;0;-6;-5.7
922;0;0;-6;-5.4
923;0;0;-3;-5.1
924;0;0;-6;-4.8
925;0;0;-3;-4.5
926;0;0;-6;-4.5
927;0;0;-9;-5.1
928;0;0;-6;-5.4
929;0;0;-6;-5.7
930;0;0;-12;-6.3
931;0;0;-9;-6.6
932;0;0;-6;-6.6
933;0;0;-3;-6.6
934;0;0;-3;-6.3
935;0;0;-3;-6.3
936;0;0;0;-5.7
937;0;0;-3;-5.1
938;0;0;-3;-4.8
939;0;0;-6;-4.8
940;0;0;-6;-4.2
941;0;0;-9;-4.2
942;0;0;-3;-3.9
943;0;0;3;-3.3
944;0;0;3;-2.7
945;0;0;3;-2.1
946;0;0;0;-2.1
947;0;0;3;-1.5
948;0;0;6;-0.6
949;0;0;33;3.3
950;0;0;78;11.7
951;0;0;123;24.9
952;0;0;108;36.0
953;0;0;138;49.5
954;0;0;111;60.3
955;0;0;105;70.5
956;0;0;147;85.2
957;0;0;105;95.4
958;0;0;147;109.5
959;0;0;150;121.2
960;0;0;153;128.7
961;0;0;147;131.1
962;0;0;180;138.3
963;0;0;177;142.2
964;0;0;198;150.9
965;0;0;171;157.5
966;0;0;228;165.6
967;0;0;219;177.0
968;0;0;198;182.1
969;0;0;228;189.9
970;0;0;249;199.5
971;0;0;228;207.6
972;0;0;225;212.1
973;0;0;228;217.2
974;0;0;237;221.1
975;0;0;312;235.2
976;0;0;309;243.3
977;0;0;252;246.6
978;0;0;252;252.0
979;0;0;249;254.1
980;0;0;231;252.3
981;0;0;276;257.1
982;0;0;297;264.3
983;0;0;312;272.7
984;0;0;297;278.7
985;0;0;345;282.0
986;0;0;336;284.7
987;0;0;270;286.5
988;0;0;291;290.4
989;0;0;279;293.4
990;0;0;240;294.3
991;0;0;264;293.1
992;0;0;270;290.4
993;0;0;270;286.2
994;0;0;234;279.9
995;0;0;276;273.0
996;0;0;291;268.5
997;0;0;279;269.4
998;0;0;324;272.7
999;0;0;327;277.5
1000;0;0;285;282.0
1001;0;0;303;285.9
1002;0;0;348;293.7
1003;0;0;342;300.9
1004;0;0;273;304.8
1005;0;0;297;306.9
1006;0;0;285;306.3
1007;0;0;243;302.7
1008;0;0;234;293.7
1009;0;0;267;287.7
1010;0;0;267;285.9
1011;0;0;231;278.7
1012;0;0;273;271.2
1013;0;0;294;266.4
1014;0;0;285;267.6
1015;0;0;336;271.5
1016;0;0;333;276.3
1017;0;0;324;284.4
1018;0;0;282;289.2
1019;0;0;309;293.4
1020;0;0;297;296.4
1021;0;0;234;296.7
1022;0;0;261;295.5
1023;0;0;258;291.9
1024;0;0;258;289.2
1025;0;0;237;279.3
1026;0;0;294;275.4
1027;0;0;327;275.7
1028;0;0;297;277.2
1029;0;0;291;275.4
1030;0;0;300;275.7
1031;0;0;279;280.2
1032;0;0;225;276.6
1033;0;0;249;275.7
1034;0;0;249;274.8
1035;0;0;237;274.8
1036;0;0;309;276.3
1037;0;0;324;276.0
1038;0;0;324;278.7
1039;0;0;270;276.6
1040;0;0;285;275.1
1041;0;0;264;273.6
1042;0;0;246;275.7
1043;0;0;207;271.5
1044;0;0;258;272.4
1045;0;0;285;277.2
1046;0;0;216;267.9
1047;0;0;192;254.7
1048;0;0;216;243.9
1049;0;0;198;236.7
1050;0;0;153;223.5
1051;0;0;216;218.7
1052;0;0;168;210.9
1053;0;0;150;205.2
1054;0;0;174;196.8
1055;0;0;144;182.7
1056;0;0;132;174.3
1057;0;0;144;169.5
1058;0;0;126;160.5
1059;0;0;147;155.4
1060;0;0;90;149.1
1061;0;0;132;140.7
1062;0;0;111;135.0
1063;0;0;87;128.7
1064;0;0;102;121.5
1065;0;0;93;116.4
1066;0;0;75;110.7
1067;0;0;78;104.1
1068;0;0;93;100.8
1069;0;0;72;93.3
1070;0;0;57;90.0
1071;0;0;69;83.7
1072;0;0;78;80.4
1073;0;0;63;78.0
1074;0;0;48;72.6
1075;0;0;51;68.4
1076;0;0;57;66.6
1077;0;0;54;64.2
1078;0;0;54;60.3
1079;0;0;42;57.3
1080;0;0;36;55.2
1081;0;0;33;51.6
1082;0;0;39;47.7
1083;0;0;42;45.6
1084;0;0;36;44.4
1085;0;0;33;42.6
1086;0;0;33;40.2
1087;0;0;27;37.5
1088;0;0;24;34.5
1089;0;0;27;33.0
1090;0;0;24;31.8
1091;0;0;24;30.9
1092;0;0;21;29.1
1093;0;0;24;27.3
1094;0;0;21;25.8
1095;0;0;18;24.3
1096;0;0;21;23.1
1097;0;0;18;22.2
1098;0;0;15;21.3
1099;0;0;15;20.1
1100;0;0;18;19.5
1101;0;0;12;18.3
1102;0;0;12;17.4
1103;0;0;12;16.2
1104;0;0;15;15.6
1105;0;0;12;15.0
1106;0;0;12;14.1
1107;0;0;12;13.5
1108;0;0;9;12.9
1109;0;0;9;12.3
1110;0;0;9;11.4
1111;0;0;6;10.8
1112;0;0;6;10.2
1113;0;0;6;9.6
1114;0;0;9;9.0
1115;0;0;6;8.4
1116;0;0;6;7.8
1117;0;0;9;7.5
1118;0;0;6;7.2
1119;0;0;6;6.9
1120;0;0;6;6.6
1121;0;0;3;6.3
1122;0;0;3;6.0
1123;0;0;3;5.7
1124;0;0;6;5.4
1125;0;0;6;5.4
1126;0;0;6;5.4
1127;0;0;6;5.1
1128;0;0;3;4.8
1129;0;0;3;4.5
1130;0;0;3;4.2
1131;0;0;3;4.2
1132;0;0;3;4.2
1133;0;0;6;4.5
1134;0;0;3;4.2
1135;0;0;0;3.6
1136;0;0;3;3.3
1137;0;0;3;3.0
1138;0;0;3;3.0
1139;0;0;3;3.0
1140;0;0;3;3.0
1141;0;0;0;2.7
1142;0;0;3;2.7
1143;0;0;3;2.4
1144;0;0;0;2.1
1145;0;0;0;2.1
1146;0;0;3;2.1
1147;0;0;0;1.8
1148;0;0;0;1.5
1149;0;0;3;1.5
1150;0;0;3;1.5
1151;0;0;0;1.5
1152;0;0;3;1.5
1153;0;0;0;1.2
1154;0;0;0;1.2
1155;0;0;3;1.5
1156;0;0;0;1.2
1157;0;0;3;1.5
1158;0;0;0;1.5
1159;0;0;0;1.2
1160;0;0;3;1.2
1161;0;0;3;1.5
1162;0;0;3;1.5
1163;0;0;3;1.8
1164;0;0;3;2.1
1165;0;0;3;2.1
1166;0;0;0;2.1
1167;0;0;0;1.8
1168;0;0;0;1.8
1169;0;0;0;1.8
1170;0;0;0;1.5
1171;0;0;3;1.5
1172;0;0;0;1.2
1173;0;0;0;0.9
1174;0;0;0;0.6
1175;0;0;3;0.6
1176;0;0;3;0.9
1177;0;0;0;0.9
1178;0;0;0;0.9
1179;0;0;3;1.2
1180;0;0;0;1.2
1181;0;0;3;1.2
1182;0;0;0;1.2
1183;0;0;0;1.2
1184;0;0;3;1.5
1185;0;0;0;1.2
1186;0;0;3;1.2
1187;0;0;0;1.2
1188;0;0;0;1.2
1189;0;0;3;1.2
1190;0;0;0;1.2
1191;0;0;0;0.9
1192;0;0;0;0.9
1193;0;0;0;0.9
1194;0;0;0;0.6
1195;0;0;0;0.6
1196;0;0;3;0.6
1197;0;0;0;0.6
1198;0;0;3;0.9
1199;0;0;3;0.9
1200;0;0;3;1.2
1201;0;0;3;1.5
1202;0;0;0;1.5
1203;0;0;0;1.5
1204;0;0;0;1.5
1205;0;0;3;1.8
1206;0;0;0;1.5
1207;0;0;3;1.8
1208;0;0;3;1.8
1209;0;0;3;1.8
1210;0;0;0;1.5
1211;0;0;0;1.2
1212;0;0;0;1.2
1213;0;0;0;1.2
1214;0;0;0;1.2
1215;0;0;0;0.9
1216;0;0;0;0.9
1217;0;0;0;0.6
1218;0;0;0;0.3
1219;0;0;0;0.0
1220;0;0;0;0.0
1221;0;0;0;0.0
1222;0;0;0;0.0
1223;0;0;0;0.0
1224;0;0;0;0.0
1225;0;0;0;0.0
1226;0;0;0;0.0
1227;0;0;0;0.0
1228;0;0;0;0.0
1229;0;0;0;0.0
1230;0;0;0;0.0
1231;0;0;0;0.0
1232;0;0;0;0.0
1233;0;0;0;0.0
1234;0;0;0;0.0
1235;0;0;0;0.0
1236;0;0;0;0.0
1237;0;0;0;0.0
1238;0;0;0;0.0
1239;0;0;0;0.0
1240;0;0;0;0.0
1241;0;0;0;0.0
1242;0;0;0;0.0
1243;0;0;0;0.0
1244;0;0;0;0.0
1245;0;0;0;0.0
1246;0;0;0;0.0
1247;0;0;0;0.0
1248;0;0;0;0.0
1249;0;0;0;0.0
1250;0;0;0;0.0
1251;0;0;0;0.0
1252;0;0;0;0.0
1253;0;0;0;0.0
1254;0;0;0;0.0
1255;0;0;0;0.0
1256;0;0;0;0.0
1257;0;0;0;0.0
1258;0;0;0;0.0
1259;0;0;0;0.0
1260;0;0;0;0.0
1261;0;0;0;0.0
1262;0;0;0;0.0
1263;0;0;0;0.0
1264;0;0;0;0.0
1265;0;0;0;0.0
1266;0;0;0;0.0
1267;0;0;0;0.0
1268;0;0;0;0.0
1269;0;0;0;0.0
1270;0;0;0;0.0
1271;0;0;0;0.0
1272;0;0;0;0.0
1273;0;0;0;0.0
1274;0;0;0;0.0
1275;0;0;0;0.0
1276;0;0;0;0.0
1277;0;0;0;0.0
1278;0;0;0;0.0
1279;0;0;0;0.0
1280;0;0;0;0.0
1281;0;0;0;0.0
1282;0;0;0;0.0
1283;0;0;0;0.0
1284;0;0;0;0.0
1285;0;0;0;0.0
1286;0;0;0;0.0
1287;0;0;0;0.0
1288;0;0;0;0.0
1289;0;0;0;0.0
1290;0;0;0;0.0
1291;0;0;0;0.0
1292;0;0;0;0.0
1293;0;0;0;0.0
1294;0;0;0;0.0
1295;0;0;0;0.0
1296;0;0;0;0.0
1297;0;0;0;0.0
1298;0;0;0;0.0
1299;0;0;0;0.0
1300;0;0;0;0.0
1301;0;0;0;0.0
1302;0;0;0;0.0
1303;0;0;0;0.0
1304;0;0;0;0.0
1305;0;0;0;0.0
1306;0;0;0;0.0
1307;0;0;0;0.0
1308;0;0;0;0.0
1309;0;0;0;0.0
1310;0;0;0;0.0
1311;0;0;0;0.0
1312;0;0;0;0.0
1313;0;0;0;0.0
1314;0;0;0;0.0
1315;0;0;0;0.0
1316;0;0;0;0.0
1317;0;0;0;0.0
1318;0;0;0;0.0
1319;0;0;0;0.0
1320;0;0;0;0.0
1321;0;0;0;0.0
1322;0;0;0;0.0
1323;0;0;0;0.0
1324;0;0;0;0.0
1325;0;0;0;0.0
1326;0;0;0;0.0
1327;0;0;0;0.0
1328;0;0;-3;-0.3
1329;0;0;0;-0.3
1330;0;0;0;-0.3
1331;0;0;0;-0.3
1332;0;0;0;-0.3
1333;0;0;0;-0.3
1334;0;0;0;-0.3
1335;0;0;0;-0.3
1336;0;0;-3;-0.6
1337;0;0;0;-0.6
1338;0;0;0;-0.3
1339;0;0;0;-0.3
1340;0;0;0;-0.3
1341;0;0;0;-0.3
1342;0;0;-3;-0.6
1343;0;0;3;-0.3
1344;0;0;-6;-0.9
1345;0;0;-6;-1.5
1346;0;0;-27;-3.9
1347;0;0;-51;-9.0
1348;0;0;-66;-15.6
1349;0;0;-81;-23.7
1350;0;0;-99;-33.6
1351;0;0;-81;-41.7
1352;0;0;-90;-50.4
1353;0;0;-138;-64.5
1354;0;0;-102;-74.1
1355;0;0;-117;-85.2
1356;0;0;-141;-96.6
1357;0;0;-129;-104.4
1358;0;0;-150;-112.8
1359;0;0;-117;-116.4
1360;0;0;-198;-126.3
1361;0;0;-141;-132.3
1362;0;0;-171;-140.4
1363;0;0;-147;-141.3
1364;0;0;-186;-149.7
1365;0;0;-210;-159.0
1366;0;0;-147;-159.6
1367;0;0;-240;-170.7
1368;0;0;-207;-176.4
1369;0;0;-186;-183.3
1370;0;0;-243;-187.8
1371;0;0;-231;-196.8
1372;0;0;-201;-199.8
1373;0;0;-210;-206.1
1374;0;0;-282;-215.7
1375;0;0;-258;-220.5
1376;0;0;-231;-228.9
1377;0;0;-240;-228.9
1378;0;0;-273;-235.5
1379;0;0;-303;-247.2
1380;0;0;-276;-250.5
1381;0;0;-321;-259.5
1382;0;0;-315;-270.9
1383;0;0;-318;-281.7
1384;0;0;-261;-279.6
1385;0;0;-300;-283.8
1386;0;0;-309;-291.6
1387;0;0;-291;-296.7
1388;0;0;-336;-303.0
1389;0;0;-357;-308.4
1390;0;0;-339;-314.7
1391;0;0;-345;-317.1
1392;0;0;-372;-322.8
1393;0;0;-378;-328.8
1394;0;0;-294;-332.1
1395;0;0;-312;-333.3
1396;0;0;-309;-333.3
1397;0;0;-264;-330.6
1398;0;0;-258;-322.8
1399;0;0;-297;-316.8
1400;0;0;-297;-312.6
1401;0;0;-255;-303.6
1402;0;0;-291;-295.5
1403;0;0;-285;-286.2
1404;0;0;-279;-284.7
1405;0;0;-237;-277.2
1406;0;0;-264;-272.7
1407;0;0;-264;-272.7
1408;0;0;-237;-270.6
1409;0;0;-288;-269.7
1410;0;0;-294;-269.4
1411;0;0;-306;-274.5
1412;0;0;-255;-270.9
1413;0;0;-255;-267.9
1414;0;0;-219;-261.9
1415;0;0;-198;-258.0
1416;0;0;-267;-258.3
1417;0;0;-237;-255.6
1418;0;0;-198;-251.7
1419;0;0;-204;-243.3
1420;0;0;-240;-237.9
1421;0;0;-174;-224.7
1422;0;0;-210;-220.2
1423;0;0;-177;-212.4
1424;0;0;-174;-207.9
1425;0;0;-219;-210.0
1426;0;0;-138;-197.1
1427;0;0;-201;-193.5
1428;0;0;-159;-189.6
1429;0;0;-171;-186.3
1430;0;0;-141;-176.4
1431;0;0;-162;-175.2
1432;0;0;-153;-169.5
1433;0;0;-141;-165.9
1434;0;0;-120;-160.5
1435;0;0;-159;-154.5
1436;0;0;-120;-152.7
1437;0;0;-141;-146.7
1438;0;0;-96;-140.4
1439;0;0;-144;-137.7
1440;0;0;-123;-135.9
1441;0;0;-99;-129.6
1442;0;0;-141;-128.4
1443;0;0;-99;-124.2
1444;0;0;-102;-122.4
1445;0;0;-123;-118.8
1446;0;0;-87;-115.5
1447;0;0;-120;-113.4
1448;0;0;-93;-113.1
1449;0;0;-84;-107.1
1450;0;0;-105;-105.3
1451;0;0;-93;-104.7
1452;0;0;-72;-97.8
1453;0;0;-87;-96.6
1454;0;0;-108;-97.2
1455;0;0;-75;-92.4
1456;0;0;-75;-91.2
1457;0;0;-90;-88.2
1458;0;0;-84;-87.3
1459;0;0;-60;-84.9
1460;0;0;-66;-81.0
1461;0;0;-90;-80.7
1462;0;0;-84;-81.9
1463;0;0;-54;-78.6
1464;0;0;-60;-73.8
1465;0;0;-69;-73.2
1466;0;0;-69;-72.6
1467;0;0;-63;-69.9
1468;0;0;-60;-67.5
1469;0;0;-57;-67.2
1470;0;0;-57;-66.3
1471;0;0;-72;-64.5
1472;0;0;-60;-62.1
1473;0;0;-48;-61.5
1474;0;0;-48;-60.3
1475;0;0;-54;-58.8
1476;0;0;-54;-57.3
1477;0;0;-57;-56.7
1478;0;0;-48;-55.5
1479;0;0;-48;-54.6
1480;0;0;-36;-52.5
1481;0;0;-42;-49.5
1482;0;0;-51;-48.6
1483;0;0;-51;-48.9
1484;0;0;-39;-48.0
1485;0;0;-33;-45.9
1486;0;0;-39;-44.4
1487;0;0;-36;-42.3
1488;0;0;-33;-40.8
1489;0;0;-42;-40.2
1490;0;0;-39;-40.5
1491;0;0;-33;-39.6
1492;0;0;-36;-38.1
1493;0;0;-33;-36.3
1494;0;0;-33;-35.7
1495;0;0;-30;-35.4
1496;0;0;-30;-34.5
1497;0;0;-33;-34.2
1498;0;0;-30;-33.9
1499;0;0;-36;-33.3
1500;0;0;-33;-32.7
1501;0;0;-33;-32.7
1502;0;0;-27;-31.8
1503;0;0;-24;-30.9
1504;0;0;-27;-30.3
1505;0;0;-24;-29.7
1506;0;0;-24;-29.1
1507;0;0;-24;-28.2
1508;0;0;-30;-28.2
1509;0;0;-21;-26.7
1510;0;0;-24;-25.8
1511;0;0;-27;-25.2
1512;0;0;-24;-24.9
1513;0;0;-27;-25.2
1514;0;0;-24;-24.9
1515;0;0;-18;-24.3
1516;0;0;-18;-23.7
1517;0;0;-24;-23.7
1518;0;0;-21;-22.8
1519;0;0;-18;-22.5
1520;0;0;-18;-21.9
1521;0;0;-21;-21.3
1522;0;0;-24;-21.3
1523;0;0;-24;-21.0
1524;0;0;-18;-20.4
1525;0;0;-21;-20.7
1526;0;0;-21;-21.0
1527;0;0;-21;-20.7
1528;0;0;-18;-20.4
1529;0;0;-18;-20.4
1530;0;0;0;-18.6
1531;0;0;-15;-18.0
1532;0;0;-12;-16.8
1533;0;0;-18;-16.2
1534;0;0;-21;-16.5
1535;0;0;-15;-15.9
1536;0;0;-12;-15.0
1537;0;0;-12;-14.1
1538;0;0;-18;-14.1
1539;0;0;-15;-13.8
1540;0;0;-18;-15.6
1541;0;0;-15;-15.6
1542;0;0;-15;-15.9
1543;0;0;-12;-15.3
1544;0;0;-18;-15.0
1545;0;0;-15;-15.0
1546;0;0;-12;-15.0
1547;0;0;-12;-15.0
1548;0;0;-15;-14.7
1549;0;0;-12;-14.4
1550;0;0;-15;-14.1
1551;0;0;-12;-13.8
1552;0;0;-12;-13.5
1553;0;0;-12;-13.5
1554;0;0;-18;-13.5
1555;0;0;-18;-13.8
1556;0;0;-12;-13.8
1557;0;0;-9;-13.5
1558;0;0;-12;-13.2
1559;0;0;-12;-13.2
1560;0;0;-12;-12.9
1561;0;0;-12;-12.9
1562;0;0;-15;-13.2
1563;0;0;-12;-13.2
1564;0;0;-12;-12.6
1565;0;0;-12;-12.0
1566;0;0;-12;-12.0
1567;0;0;-12;-12.3
1568;0;0;-12;-12.3
1569;0;0;-9;-12.0
1570;0;0;-9;-11.7
1571;0;0;-15;-12.0
1572;0;0;-12;-11.7
1573;0;0;-9;-11.4
1574;0;0;-9;-11.1
1575;0;0;-12;-11.1
1576;0;0;-9;-10.8
1577;0;0;-6;-10.2
1578;0;0;-6;-9.6
1579;0;0;-9;-9.6
1580;0;0;-9;-9.6
1581;0;0;-12;-9.3
1582;0;0;-12;-9.3
1583;0;0;-9;-9.3
1584;0;0;-9;-9.3
1585;0;0;-9;-9.0
1586;0;0;-6;-8.7
1587;0;0;-6;-8.7
1588;0;0;-6;-8.7
1589;0;0;-9;-8.7
1590;0;0;-9;-8.7
1591;0;0;-12;-8.7
1592;0;0;-9;-8.4
1593;0;0;0;-7.5
1594;0;0;0;-6.6
1595;0;0;3;-5.4
1596;0;0;3;-4.5
1597;0;0;6;-3.3
1598;0;0;12;-1.5
1599;0;0;36;3.0
1600;0;0;78;11.7
1601;0;0;117;24.6
1602;0;0;90;34.5
1603;0;0;129;47.4
1604;0;0;96;57.0
1605;0;0;99;66.6
1606;0;0;138;80.1
1607;0;0;108;90.3
1608;0;0;129;102.0
1609;0;0;162;114.6
1610;0;0;135;120.3
1611;0;0;192;127.8
1612;0;0;153;134.1
1613;0;0;186;139.8
1614;0;0;171;147.3
1615;0;0;180;155.4
1616;0;0;246;166.2
1617;0;0;201;175.5
1618;0;0;171;179.7
1619;0;0;258;189.3
1620;0;0;249;200.7
1621;0;0;186;200.1
1622;0;0;240;208.8
1623;0;0;282;218.4
1624;0;0;261;227.4
1625;0;0;231;232.5
1626;0;0;240;231.9
1627;0;0;243;236.1
1628;0;0;228;241.8
1629;0;0;291;245.1
1630;0;0;309;251.1
1631;0;0;321;264.6
1632;0;0;273;267.9
1633;0;0;255;265.2
1634;0;0;264;265.5
1635;0;0;258;268.2
1636;0;0;228;267.0
1637;0;0;261;268.8
1638;0;0;276;273.6
1639;0;0;297;274.2
1640;0;0;291;272.4
1641;0;0;342;274.5
1642;0;0;336;280.8
1643;0;0;270;282.3
1644;0;0;237;279.6
1645;0;0;231;276.9
1646;0;0;219;276.0
1647;0;0;222;272.1
1648;0;0;252;269.7
1649;0;0;198;259.8
1650;0;0;186;249.3
1651;0;0;237;238.8
1652;0;0;165;221.7
1653;0;0;198;214.5
1654;0;0;153;206.1
1655;0;0;165;199.5
1656;0;0;168;194.4
1657;0;0;132;185.4
1658;0;0;132;173.4
1659;0;0;141;167.7
1660;0;0;123;161.4
1661;0;0;129;150.6
1662;0;0;99;144.0
1663;0;0;126;136.8
1664;0;0;99;131.4
1665;0;0;78;122.7
1666;0;0;111;117.0
1667;0;0;102;114.0
1668;0;0;66;107.4
1669;0;0;84;101.7
1670;0;0;102;99.6
1671;0;0;63;93.0
1672;0;0;60;89.1
1673;0;0;72;83.7
1674;0;0;84;82.2
1675;0;0;54;79.8
1676;0;0;51;73.8
1677;0;0;51;68.7
1678;0;0;48;66.9
1679;0;0;60;64.5
1680;0;0;54;59.7
1681;0;0;45;57.9
1682;0;0;39;55.8
1683;0;0;39;52.5
1684;0;0;39;48.0
1685;0;0;33;45.9
1686;0;0;39;44.7
1687;0;0;39;43.5
1688;0;0;30;41.7
1689;0;0;27;38.4
1690;0;0;30;36.0
1691;0;0;27;34.2
1692;0;0;24;32.7
1693;0;0;24;31.2
1694;0;0;24;29.7
1695;0;0;21;28.5
1696;0;0;21;26.7
1697;0;0;21;24.9
1698;0;0;18;23.7
1699;0;0;15;22.5
1700;0;0;18;21.3
1701;0;0;15;20.1
1702;0;0;15;19.2
1703;0;0;15;18.3
1704;0;0;12;17.1
1705;0;0;12;16.2
1706;0;0;12;15.3
1707;0;0;12;14.4
1708;0;0;12;13.8
1709;0;0;9;13.2
1710;0;0;9;12.3
1711;0;0;12;12.0
1712;0;0;6;11.1
1713;0;0;9;10.5
1714;0;0;9;10.2
1715;0;0;9;9.9
1716;0;0;9;9.6
1717;0;0;12;9.6
1718;0;0;9;9.3
1719;0;0;9;9.3
1720;0;0;6;9.0
1721;0;0;9;8.7
1722;0;0;6;8.7
1723;0;0;6;8.4
1724;0;0;6;8.1
1725;0;0;6;7.8
1726;0;0;9;7.8
1727;0;0;6;7.2
1728;0;0;3;6.6
1729;0;0;6;6.3
1730;0;0;6;6.3
1731;0;0;6;6.0
1732;0;0;3;5.7
1733;0;0;3;5.4
1734;0;0;3;5.1
1735;0;0;3;4.8
1736;0;0;3;4.2
1737;0;0;3;3.9
1738;0;0;3;3.9
1739;0;0;3;3.6
1740;0;0;3;3.3
1741;0;0;0;2.7
1742;0;0;3;2.7
1743;0;0;3;2.7
1744;0;0;0;2.4
1745;0;0;3;2.4
1746;0;0;3;2.4
1747;0;0;3;2.4
1748;0;0;3;2.4
1749;0;0;3;2.4
1750;0;0;3;2.4
1751;0;0;3;2.7
1752;0;0;0;2.4
1753;0;0;0;2.1
1754;0;0;0;2.1
1755;0;0;0;1.8
1756;0;0;0;1.5
1757;0;0;0;1.2
1758;0;0;3;1.2
1759;0;0;3;1.2
1760;0;0;3;1.2
1761;0;0;3;1.2
1762;0;0;3;1.5
1763;0;0;3;1.8
1764;0;0;0;1.8
1765;0;0;3;2.1
1766;0;0;0;2.1
1767;0;0;0;2.1
1768;0;0;3;2.1
1769;0;0;0;1.8
1770;0;0;-6;0.9
1771;0;0;0;0.6
1772;0;0;0;0.3
1773;0;0;0;0.0
1774;0;0;3;0.3
1775;0;0;0;0.0
1776;0;0;0;0.0
1777;0;0;0;0.0
1778;0;0;3;0.0
1779;0;0;3;0.3
1780;0;0;3;1.2
1781;0;0;3;1.5
1782;0;0;0;1.5
1783;0;0;0;1.5
1784;0;0;3;1.5
1785;0;0;0;1.5
1786;0;0;3;1.8
1787;0;0;0;1.8
1788;0;0;0;1.5
1789;0;0;3;1.5
1790;0;0;0;1.2
1791;0;0;3;1.2
1792;0;0;0;1.2
1793;0;0;0;1.2
1794;0;0;0;0.9
1795;0;0;0;0.9
1796;0;0;0;0.6
1797;0;0;0;0.6
1798;0;0;3;0.9
1799;0;0;0;0.6
1800;0;0;0;0.6
1801;0;0;0;0.3
1802;0;0;0;0.3
1803;0;0;3;0.6
1804;0;0;3;0.9
1805;0;0;3;1.2
1806;0;0;3;1.5
1807;0;0;0;1.5
1808;0;0;3;1.5
1809;0;0;3;1.8
1810;0;0;0;1.8
1811;0;0;0;1.8
1812;0;0;0;1.8
1813;0;0;0;1.5
1814;0;0;0;1.2
1815;0;0;0;0.9
1816;0;0;0;0.6
1817;0;0;0;0.6
1818;0;0;3;0.6
1819;0;0;0;0.3
1820;0;0;0;0.3
1821;0;0;0;0.3
1822;0;0;0;0.3
1823;0;0;0;0.3
1824;0;0;0;0.3
1825;0;0;0;0.3
1826;0;0;0;0.3
1827;0;0;0;0.3
1828;0;0;0;0.0
1829;0;0;3;0.3
1830;0;0;0;0.3
1831;0;0;3;0.6
1832;0;0;3;0.9
1833;0;0;3;1.2
1834;0;0;0;1.2
1835;0;0;0;1.2
1836;0;0;0;1.2
1837;0;0;0;1.2
1838;0;0;0;1.2
1839;0;0;0;0.9
1840;0;0;0;0.9
1841;0;0;0;0.6
1842;0;0;0;0.3
1843;0;0;3;0.3
1844;0;0;3;0.6
1845;0;0;3;0.9
1846;0;0;0;0.9
1847;0;0;0;0.9
1848;0;0;0;0.9
1849;0;0;0;0.9
1850;0;0;3;1.2
1851;0;0;0;1.2
1852;0;0;3;1.5
1853;0;0;3;1.5
1854;0;0;0;1.2
1855;0;0;0;0.9
1856;0;0;0;0.9
1857;0;0;0;0.9
1858;0;0;0;0.9
1859;0;0;0;0.9
1860;0;0;0;0.6
1861;0;0;3;0.9
1862;0;0;3;0.9
1863;0;0;3;0.9
1864;0;0;0;0.9
1865;0;0;0;0.9
1866;0;0;0;0.9
1867;0;0;0;0.9
1868;0;0;0;0.9
1869;0;0;0;0.9
1870;0;0;0;0.9
1871;0;0;0;0.6
1872;0;0;0;0.3
1873;0;0;0;0.0
1874;0;0;0;0.0
1875;0;0;0;0.0
1876;0;0;3;0.3
1877;0;0;0;0.3
1878;0;0;6;0.9
1879;0;0;3;1.2
1880;0;0;3;1.5
1881;0;0;3;1.8
1882;0;0;3;2.1
1883;0;0;0;2.1
1884;0;0;0;2.1
1885;0;0;0;2.1
1886;0;0;0;1.8
1887;0;0;0;1.8
1888;0;0;0;1.2
1889;0;0;0;0.9
1890;0;0;3;0.9
1891;0;0;3;0.9
1892;0;0;0;0.6
1893;0;0;3;0.9
1894;0;0;3;1.2
1895;0;0;3;1.5
1896;0;0;0;1.5
1897;0;0;0;1.5
1898;0;0;3;1.8
1899;0;0;0;1.8
1900;0;0;0;1.5
1901;0;0;-3;0.9
1902;0;0;0;0.9
1903;0;0;0;0.6
1904;0;0;0;0.3
1905;0;0;3;0.3
1906;0;0;0;0.3
1907;0;0;3;0.6
1908;0;0;0;0.3
1909;0;0;0;0.3
1910;0;0;3;0.6
1911;0;0;0;0.9
1912;0;0;0;0.9
1913;0;0;0;0.9
1914;0;0;3;1.2
1915;0;0;0;0.9
1916;0;0;3;1.2
1917;0;0;0;0.9
1918;0;0;0;0.9
1919;0;0;0;0.9
1920;0;0;0;0.6
1921;0;0;0;0.6
1922;0;0;0;0.6
1923;0;0;0;0.6
1924;0;0;0;0.3
1925;0;0;0;0.3
1926;0;0;3;0.3
1927;0;0;0;0.3
1928;0;0;3;0.6
1929;0;0;3;0.9
1930;0;0;3;1.2
1931;0;0;0;1.2
1932;0;0;0;1.2
1933;0;0;0;1.2
1934;0;0;0;1.2
1935;0;0;0;1.2
1936;0;0;0;0.9
1937;0;0;0;0.9
1938;0;0;0;0.6
1939;0;0;3;0.6
1940;0;0;0;0.3
1941;0;0;3;0.6
1942;0;0;0;0.6
1943;0;0;0;0.6
1944;0;0;0;0.6
1945;0;0;0;0.6
1946;0;0;0;0.6
1947;0;0;0;0.6
1948;0;0;0;0.6
1949;0;0;0;0.3
1950;0;0;0;0.3
1951;0;0;0;0.0
1952;0;0;0;0.0
1953;0;0;0;0.0
1954;0;0;0;0.0
1955;0;0;0;0.0
1956;0;0;0;0.0
1957;0;0;0;0.0
1958;0;0;0;0.0
1959;0;0;0;0.0
1960;0;0;0;0.0
1961;0;0;0;0.0
1962;0;0;0;0.0
1963;0;0;0;0.0
1964;0;0;0;0.0
1965;0;0;0;0.0
1966;0;0;0;0.0
1967;0;0;0;0.0
1968;0;0;0;0.0
1969;0;0;0;0.0
1970;0;0;0;0.0
1971;0;0;0;0.0
1972;0;0;0;0.0
1973;0;0;0;0.0
1974;0;0;0;0.0
1975;0;0;0;0.0
1976;0;0;0;0.0
1977;0;0;0;0.0
1978;0;0;0;0.0
1979;0;0;0;0.0
1980;0;0;0;0.0
1981;0;0;0;0.0
1982;0;0;0;0.0
1983;0;0;0;0.0
1984;0;0;0;0.0
1985;0;0;0;0.0
1986;0;0;0;0.0
1987;0;0;0;0.0
1988;0;0;0;0.0
1989;0;0;0;0.0
1990;0;0;0;0.0
1991;0;0;0;0.0
1992;0;0;0;0.0
1993;0;0;0;0.0
1994;0;0;0;0.0
1995;0;0;0;0.0
1996;0;0;0;0.0
1997;0;0;0;0.0
1998;0;0;0;0.0
1999;0;0;0;0.0
2000;0;0;0;0.0
2001;0;0;0;0.0
2002;0;0;0;0.0
2003;0;0;0;0.0
2004;0;0;0;0.0
2005;0;0;0;0.0
2006;0;0;0;0.0
2007;0;0;0;0.0
2008;0;0;0;0.0
2009;0;0;0;0.0
2010;0;0;0;0.0
2011;0;0;0;0.0
2012;0;0;0;0.0
2013;0;0;0;0.0
2014;0;0;0;0.0
2015;0;0;0;0.0
2016;0;0;0;0.0
2017;0;0;0;0.0
2018;0;0;0;0.0
2019;0;0;0;0.0
2020;0;0;0;0.0
2021;0;0;0;0.0
2022;0;0;0;0.0
2023;0;0;0;0.0
2024;0;0;0;0.0
2025;0;0;0;0.0
2026;0;0;0;0.0
2027;0;0;0;0.0
2028;0;0;0;0.0
2029;0;0;0;0.0
2030;0;0;0;0.0
2031;0;0;0;0.0
2032;0;0;0;0.0
2033;0;0;0;0.0
2034;0;0;0;0.0
2035;0;0;0;0.0
2036;0;0;0;0.0
2037;0;0;0;0.0
2038;0;0;0;0.0
2039;0;0;0;0.0
2040;0;0;0;0.0
2041;0;0;0;0.0
2042;0;0;0;0.0
2043;0;0;0;0.0
2044;0;0;0;0.0
2045;0;0;0;0.0
2046;0;0;0;0.0
2047;0;0;0;0.0
2048;0;0;0;0.0
2049;0;0;0;0.0
2050;0;0;0;0.0
2051;0;0;0;0.0
2052;0;0;0;0.0
2053;0;0;0;0.0
2054;0;0;0;0.0
2055;0;0;0;0.0
2056;0;0;0;0.0
2057;0;0;0;0.0
2058;0;0;0;0.0
2059;0;0;0;0.0
2060;0;0;0;0.0
2061;0;0;0;0.0
2062;0;0;0;0.0
2063;0;0;0;0.0
2064;0;0;0;0.0
2065;0;0;0;0.0
2066;0;0;0;0.0
2067;0;0;0;0.0
2068;0;0;0;0.0
2069;0;0;0;0.0
2070;0;0;0;0.0
2071;0;0;0;0.0
2072;0;0;0;0.0
2073;0;0;0;0.0
2074;0;0;0;0.0
2075;0;0;0;0.0
2076;0;0;0;0.0
2077;0;0;0;0.0
2078;0;0;0;0.0
2079;0;0;0;0.0
2080;0;0;0;0.0
2081;0;0;0;0.0
2082;0;0;0;0.0
2083;0;0;0;0.0
2084;0;0;0;0.0
2085;0;0;0;0.0
2086;0;0;0;0.0
2087;0;0;0;0.0
2088;0;0;0;0.0
2089;0;0;0;0.0
2090;0;0;0;0.0
2091;0;0;0;0.0
2092;0;0;0;0.0
2093;0;0;0;0.0
2094;0;0;0;0.0
2095;0;0;0;0.0
2096;0;0;0;0.0
2097;0;0;0;0.0
2098;0;0;0;0.0
2099;0;0;0;0.0
2100;0;0;0;0.0
2101;0;0;0;0.0
2102;0;0;0;0.0
2103;0;0;0;0.0
2104;0;0;0;0.0
2105;0;0;0;0.0
2106;0;0;0;0.0
2107;0;0;0;0.0
2108;0;0;0;0.0
2109;0;0;0;0.0
2110;0;0;0;0.0
2111;0;0;0;0.0
2112;0;0;0;0.0
2113;0;0;0;0.0
2114;0;0;0;0.0
2115;0;0;0;0.0
2116;0;0;0;0.0
2117;0;0;0;0.0
2118;0;0;0;0.0
2119;0;0;0;0.0
2120;0;0;0;0.0
2121;0;0;0;0.0
2122;0;0;0;0.0
2123;0;0;0;0.0
2124;0;0;0;0.0
2125;0;0;0;0.0
2126;0;0;0;0.0
2127;0;0;0;0.0
2128;0;0;0;0.0
2129;0;0;0;0.0
2130;0;0;0;0.0
2131;0;0;0;0.0
2132;0;0;0;0.0
2133;0;0;0;0.0
2134;0;0;0;0.0
2135;0;0;0;0.0
2136;0;0;0;0.0
2137;0;0;0;0.0
2138;0;0;0;0.0
2139;0;0;0;0.0
2140;0;0;0;0.0
2141;0;0;0;0.0
2142;0;0;0;0.0
2143;0;0;0;0.0
2144;0;0;0;0.0
2145;0;0;0;0.0
2146;0;0;0;0.0
2147;0;0;0;0.0
2148;0;0;0;0.0
2149;0;0;0;0.0
2150;0;0;0;0.0
2151;0;0;0;0.0
2152;0;0;0;0.0
2153;0;0;0;0.0
2154;0;0;0;0.0
2155;0;0;0;0.0
2156;0;0;0;0.0
2157;0;0;0;0.0
2158;0;0;0;0.0
2159;0;0;0;0.0
2160;0;0;0;0.0
2161;0;0;0;0.0
2162;0;0;0;0.0
2163;0;0;0;0.0
2164;0;0;0;0.0
2165;0;0;0;0.0
2166;0;0;0;0.0
2167;0;0;0;0.0
2168;0;0;0;0.0
2169;0;0;0;0.0
2170;0;0;0;0.0
2171;0;0;0;0.0
2172;0;0;0;0.0
2173;0;0;0;0.0
2174;0;0;0;0.0
2175;0;0;0;0.0
2176;0;0;0;0.0
2177;0;0;0;0.0
2178;0;0;0;0.0
2179;0;0;0;0.0
2180;0;0;0;0.0
2181;0;0;0;0.0
2182;0;0;0;0.0
2183;0;0;0;0.0
2184;0;0;0;0.0
2185;0;0;0;0.0
2186;0;0;0;0.0
2187;0;0;0;0.0
2188;0;0;0;0.0
2189;0;0;0;0.0
2190;0;0;0;0.0
2191;0;0;0;0.0
2192;0;0;0;0.0
2193;0;0;0;0.0
2194;0;0;0;0.0
2195;0;0;0;0.0
2196;0;0;0;0.0
2197;0;0;0;0.0
2198;0;0;0;0.0
2199;0;0;0;0.0
2200;0;0;0;0.0
2201;0;0;0;0.0
2202;0;0;0;0.0
2203;0;0;0;0.0
2204;0;0;0;0.0
2205;0;0;0;0.0
2206;0;0;0;0.0
2207;0;0;0;0.0
2208;0;0;0;0.0
2209;0;0;0;0.0
2210;0;0;0;0.0
2211;0;0;0;0.0
2212;0;0;0;0.0
2213;0;0;0;0.0
2214;0;0;0;0.0
2215;0;0;0;0.0
2216;0;0;0;0.0
2217;0;0;0;0.0
2218;0;0;0;0.0
2219;0;0;0;0.0
2220;0;0;0;0.0
2221;0;0;0;0.0
2222;0;0;0;0.0
2223;0;0;0;0.0
2224;0;0;0;0.0
2225;0;0;0;0.0
2226;0;0;0;0.0
2227;0;0;0;0.0
2228;0;0;0;0.0
2229;0;0;0;0.0
2230;0;0;0;0.0
2231;0;0;0;0.0
2232;0;0;0;0.0
2233;0;0;0;0.0
2234;0;0;0;0.0
2235;0;0;0;0.0
2236;0;0;0;0.0
2237;0;0;0;0.0
2238;0;0;0;0.0
2239;0;0;0;0.0
2240;0;0;0;0.0
2241;0;0;0;0.0
2242;0;0;0;0.0
2243;0;0;0;0.0
2244;0;0;0;0.0
2245;0;0;0;0.0
2246;0;0;0;0.0
2247;0;0;0;0.0
2248;0;0;0;0.0
