time;SPEED;SPEED_filter
0.0;0.0;nan
0.01;0.0;nan
0.02;0.0;nan
0.03;0.0;nan
0.04;0.0;nan
0.05;0.0;nan
0.06;0.0;nan
0.07;0.0;nan
0.08;0.0;nan
0.09;0.0;0.0
0.1;0.0;0.0
0.11;0.0;0.0
0.12;0.0;0.0
0.13;0.0;0.0
0.14;0.0;0.0
0.15;0.0;0.0
0.16;0.0;0.0
0.17;0.0;0.0
0.18;0.0;0.0
0.19;0.0;0.0
0.2;0.0;0.0
0.21;0.0;0.0
0.22;0.0;0.0
0.23;0.0;0.0
0.24;0.0;0.0
0.25;0.0;0.0
0.26;0.0;0.0
0.27;0.0;0.0
0.28;0.0;0.0
0.29;0.0;0.0
0.3;0.0;0.0
0.31;0.0;0.0
0.32;0.0;0.0
0.33;0.0;0.0
0.34;0.0;0.0
0.35000000000000003;0.0;0.0
0.36;0.0;0.0
0.37;0.0;0.0
0.38;0.0;0.0
0.39;0.0;0.0
0.4;0.0;0.0
0.41000000000000003;0.0;0.0
0.42;0.0;0.0
0.43;0.0;0.0
0.44;0.0;0.0
0.45;0.0;0.0
0.46;0.0;0.0
0.47000000000000003;0.0;0.0
0.48;0.0;0.0
0.49;0.0;0.0
0.5;0.0;0.0
0.51;0.0;0.0
0.52;0.0;0.0
0.53;0.0;0.0
0.54;0.0;0.0
0.55;0.0;0.0
0.56;0.0;0.0
0.5700000000000001;0.0;0.0
0.58;0.0;0.0
0.59;0.0;0.0
0.6;0.0;0.0
0.61;0.0;0.0
0.62;0.0;0.0
0.63;0.0;0.0
0.64;0.0;0.0
0.65;0.0;0.0
0.66;0.0;0.0
0.67;0.0;0.0
0.68;0.0;0.0
0.6900000000000001;0.0;0.0
0.7000000000000001;0.0;0.0
0.71;0.0;0.0
0.72;0.0;0.0
0.73;0.0;0.0
0.74;0.0;0.0
0.75;0.0;0.0
0.76;0.0;0.0
0.77;0.0;0.0
0.78;0.0;0.0
0.79;0.0;0.0
0.8;0.0;0.0
0.81;0.0;0.0
0.8200000000000001;0.0;0.0
0.8300000000000001;0.0;0.0
0.84;0.0;0.0
0.85;0.0;0.0
0.86;0.0;0.0
0.87;0.0;0.0
0.88;0.0;0.0
0.89;0.0;0.0
0.9;0.0;0.0
0.91;0.0;0.0
0.92;0.0;0.0
0.93;0.0;0.0
0.9400000000000001;0.0;0.0
0.9500000000000001;0.0;0.0
0.96;0.0;0.0
0.97;0.0;0.0
0.98;0.0;0.0
0.99;0.0;0.0
1.0;0.0;0.0
1.01;0.0;0.0
1.02;0.0;0.0
1.03;0.0;0.0
1.04;0.0;0.0
1.05;0.0;0.0
1.06;0.0;0.0
1.07;0.0;0.0
1.08;0.0;0.0
1.09;0.0;0.0
1.1;0.0;0.0
1.11;0.0;0.0
1.12;0.0;0.0
1.1300000000000001;0.0;0.0
1.1400000000000001;0.0;0.0
1.1500000000000001;0.0;0.0
1.16;0.0;0.0
1.17;0.0;0.0
1.18;0.0;0.0
1.19;0.0;0.0
1.2;0.0;0.0
1.21;0.0;0.0
1.22;0.0;0.0
1.23;0.0;0.0
1.24;0.0;0.0
1.25;0.0;0.0
1.26;0.0;0.0
1.27;0.0;0.0
1.28;0.0;0.0
1.29;0.0;0.0
1.3;0.0;0.0
1.31;0.0;0.0
1.32;0.0;0.0
1.33;0.0;0.0
1.34;0.0;0.0
1.35;0.0;0.0
1.36;0.0;0.0
1.37;0.0;0.0
1.3800000000000001;0.0;0.0
1.3900000000000001;0.0;0.0
1.4000000000000001;0.0;0.0
1.41;0.0;0.0
1.42;0.0;0.0
1.43;0.0;0.0
1.44;0.0;0.0
1.45;0.0;0.0
1.46;0.0;0.0
1.47;0.0;0.0
1.48;0.0;0.0
1.49;0.0;0.0
1.5;0.0;0.0
1.51;0.0;0.0
1.52;0.0;0.0
1.53;0.0;0.0
1.54;0.0;0.0
1.55;0.0;0.0
1.56;0.0;0.0
1.57;0.0;0.0
1.58;0.0;0.0
1.59;0.0;0.0
1.6;0.0;0.0
1.61;0.0;0.0
1.62;0.0;0.0
1.6300000000000001;0.0;0.0
1.6400000000000001;0.0;0.0
1.6500000000000001;0.0;0.0
1.6600000000000001;0.0;0.0
1.67;0.0;0.0
1.68;0.0;0.0
1.69;0.0;0.0
1.7;0.0;0.0
1.71;0.0;0.0
1.72;0.0;0.0
1.73;0.0;0.0
1.74;0.0;0.0
1.75;0.0;0.0
1.76;0.0;0.0
1.77;0.0;0.0
1.78;0.0;0.0
1.79;0.0;0.0
1.8;0.0;0.0
1.81;0.0;0.0
1.82;0.0;0.0
1.83;0.0;0.0
1.84;0.0;0.0
1.85;0.0;0.0
1.86;0.0;0.0
1.87;0.0;0.0
1.8800000000000001;0.0;0.0
1.8900000000000001;0.0;0.0
1.9000000000000001;0.0;0.0
1.9100000000000001;0.0;0.0
1.92;0.0;0.0
1.93;0.0;0.0
1.94;0.0;0.0
1.95;0.0;0.0
1.96;0.0;0.0
1.97;0.0;0.0
1.98;0.0;0.0
1.99;0.0;0.0
2.0;0.0;0.0
2.0100000000000002;0.0;0.0
2.02;0.0;0.0
2.0300000000000002;0.0;0.0
2.04;0.0;0.0
2.05;0.0;0.0
2.06;0.0;0.0
2.07;0.0;0.0
2.08;0.0;0.0
2.09;0.0;0.0
2.1;0.0;0.0
2.11;0.0;0.0
2.12;0.0;0.0
2.13;0.0;0.0
2.14;0.0;0.0
2.15;0.0;0.0
2.16;0.0;0.0
2.17;0.0;0.0
2.18;0.0;0.0
2.19;0.0;0.0
2.2;0.0;0.0
2.21;0.0;0.0
2.22;0.0;0.0
2.23;0.0;0.0
2.24;0.0;0.0
2.25;0.0;0.0
2.2600000000000002;0.0;0.0
2.27;0.0;0.0
2.2800000000000002;0.0;0.0
2.29;0.0;0.0
2.3000000000000003;0.0;0.0
2.31;0.0;0.0
2.32;0.0;0.0
2.33;0.0;0.0
2.34;0.0;0.0
2.35;0.0;0.0
2.36;0.0;0.0
2.37;0.0;0.0
2.38;0.0;0.0
2.39;0.0;0.0
2.4;0.0;0.0
2.41;0.0;0.0
2.42;0.0;0.0
2.43;0.0;0.0
2.44;0.0;0.0
2.45;0.0;0.0
2.46;0.0;0.0
2.47;0.0;0.0
2.48;0.0;0.0
2.49;0.0;0.0
2.5;0.0;0.0
2.5100000000000002;0.0;0.0
2.52;0.0;0.0
2.5300000000000002;0.0;0.0
2.54;0.0;0.0
2.5500000000000003;0.0;0.0
2.56;0.0;0.0
2.57;0.0;0.0
2.58;0.0;0.0
2.59;0.0;0.0
2.6;0.0;0.0
2.61;0.0;0.0
2.62;0.0;0.0
2.63;0.0;0.0
2.64;0.0;0.0
2.65;0.0;0.0
2.66;0.0;0.0
2.67;0.0;0.0
2.68;0.0;0.0
2.69;0.0;0.0
2.7;0.0;0.0
2.71;0.0;0.0
2.72;0.0;0.0
2.73;0.0;0.0
2.74;0.0;0.0
2.75;0.0;0.0
2.7600000000000002;0.0;0.0
2.77;0.0;0.0
2.7800000000000002;0.0;0.0
2.79;0.0;0.0
2.8000000000000003;0.0;0.0
2.81;0.0;0.0
2.82;0.0;0.0
2.83;0.0;0.0
2.84;0.0;0.0
2.85;0.0;0.0
2.86;0.0;0.0
2.87;0.0;0.0
2.88;0.0;0.0
2.89;0.0;0.0
2.9;0.0;0.0
2.91;0.0;0.0
2.92;0.0;0.0
2.93;0.0;0.0
2.94;0.0;0.0
2.95;0.0;0.0
2.96;0.0;0.0
2.97;0.0;0.0
2.98;0.0;0.0
2.99;0.0;0.0
3.0;0.0;0.0
3.0100000000000002;0.0;0.0
3.02;0.0;0.0
3.0300000000000002;0.0;0.0
3.04;0.0;0.0
3.0500000000000003;0.0;0.0
3.06;0.0;0.0
3.0700000000000003;0.0;0.0
3.08;0.0;0.0
3.09;0.0;0.0
3.1;0.0;0.0
3.11;0.0;0.0
3.12;0.0;0.0
3.13;0.0;0.0
3.14;0.0;0.0
3.15;0.0;0.0
3.16;0.0;0.0
3.17;0.0;0.0
3.18;0.0;0.0
3.19;0.0;0.0
3.2;0.0;0.0
3.21;0.0;0.0
3.22;0.0;0.0
3.23;0.0;0.0
3.24;0.0;0.0
3.25;0.0;0.0
3.2600000000000002;0.0;0.0
3.27;0.0;0.0
3.2800000000000002;0.0;0.0
3.29;0.0;0.0
3.3000000000000003;0.0;0.0
3.31;0.0;0.0
3.3200000000000003;0.0;0.0
3.33;0.0;0.0
3.34;0.0;0.0
3.35;0.0;0.0
3.36;0.0;0.0
3.37;0.0;0.0
3.38;0.0;0.0
3.39;0.0;0.0
3.4;0.0;0.0
3.41;0.0;0.0
3.42;0.0;0.0
3.43;0.0;0.0
3.44;0.0;0.0
3.45;0.0;0.0
3.46;0.0;0.0
3.47;0.0;0.0
3.48;0.0;0.0
3.49;0.0;0.0
3.5;0.0;0.0
3.5100000000000002;0.0;0.0
3.52;0.0;0.0
3.5300000000000002;0.0;0.0
3.54;0.0;0.0
3.5500000000000003;0.0;0.0
3.56;0.0;0.0
3.5700000000000003;0.0;0.0
3.58;0.0;0.0
3.59;0.0;0.0
3.6;0.0;0.0
3.61;0.0;0.0
3.62;0.0;0.0
3.63;0.0;0.0
3.64;0.0;0.0
3.65;0.0;0.0
3.66;0.0;0.0
3.67;0.0;0.0
3.68;0.0;0.0
3.69;0.0;0.0
3.7;0.0;0.0
3.71;0.0;0.0
3.72;0.0;0.0
3.73;0.0;0.0
3.74;0.0;0.0
3.75;0.0;0.0
3.7600000000000002;0.0;0.0
3.77;0.0;0.0
3.7800000000000002;0.0;0.0
3.79;0.0;0.0
3.8000000000000003;0.0;0.0
3.81;0.0;0.0
3.8200000000000003;0.0;0.0
3.83;0.0;0.0
3.84;0.0;0.0
3.85;0.0;0.0
3.86;0.0;0.0
3.87;0.0;0.0
3.88;0.0;0.0
3.89;0.0;0.0
3.9;0.0;0.0
3.91;0.0;0.0
3.92;0.0;0.0
3.93;0.0;0.0
3.94;0.0;0.0
3.95;0.0;0.0
3.96;0.0;0.0
3.97;0.0;0.0
3.98;0.0;0.0
3.99;0.0;0.0
4.0;0.0;0.0
4.01;0.0;0.0
4.0200000000000005;0.0;0.0
4.03;0.0;0.0
4.04;0.0;0.0
4.05;0.0;0.0
4.0600000000000005;0.0;0.0
4.07;0.0;0.0
4.08;0.0;0.0
4.09;0.0;0.0
4.1;0.0;0.0
4.11;0.0;0.0
4.12;0.0;0.0
4.13;0.0;0.0
4.14;0.0;0.0
4.15;0.0;0.0
4.16;0.0;0.0
4.17;0.0;0.0
4.18;0.0;0.0
4.19;0.0;0.0
4.2;0.0;0.0
4.21;0.0;0.0
4.22;0.0;0.0
4.23;0.0;0.0
4.24;0.0;0.0
4.25;0.0;0.0
4.26;0.0;0.0
4.2700000000000005;0.0;0.0
4.28;0.0;0.0
4.29;0.0;0.0
4.3;0.0;0.0
4.3100000000000005;0.0;0.0
4.32;0.0;0.0
4.33;0.0;0.0
4.34;0.0;0.0
4.3500000000000005;0.0;0.0
4.36;0.0;0.0
4.37;0.0;0.0
4.38;0.0;0.0
4.39;0.0;0.0
4.4;0.0;0.0
4.41;0.0;0.0
4.42;0.0;0.0
4.43;0.0;0.0
4.44;0.0;0.0
4.45;0.0;0.0
4.46;0.0;0.0
4.47;0.0;0.0
4.48;0.0;0.0
4.49;0.0;0.0
4.5;2.5000000000000533;0.25000000000000533
4.51;0.0;0.25000000000000533
4.5200000000000005;2.5000000000000533;0.5000000000000107
4.53;2.500000000000054;0.7500000000000161
4.54;2.500000000000053;1.0000000000000213
4.55;2.499999999999831;1.2500000000000044
4.5600000000000005;5.000000000000108;1.7500000000000153
4.57;10.000000000000213;2.7500000000000364
4.58;7.500000000000161;3.5000000000000524
4.59;9.999999999999323;4.499999999999985
4.6000000000000005;10.000000000000217;5.250000000000002
4.61;10.000000000000211;6.250000000000023
4.62;12.500000000000266;7.250000000000044
4.63;12.500000000000266;8.250000000000066
4.64;12.499999999999167;9.249999999999975
4.65;12.500000000000266;10.25000000000002
4.66;12.500000000000266;11.000000000000037
4.67;12.500000000000266;11.25000000000004
4.68;12.499999999999156;11.74999999999994
4.69;12.500000000000266;12.000000000000036
4.7;12.500000000000266;12.250000000000039
4.71;12.500000000000266;12.500000000000046
4.72;12.499999999999135;12.499999999999932
4.73;12.500000000000266;12.499999999999932
4.74;12.500000000000266;12.500000000000043
4.75;10.000000000000222;12.250000000000037
4.76;9.999999999999334;11.999999999999947
4.7700000000000005;10.000000000000222;11.74999999999994
4.78;10.000000000000222;11.500000000000046
4.79;10.000000000000222;11.25000000000004
4.8;7.499999999999467;10.749999999999963
4.8100000000000005;7.500000000000178;10.249999999999954
4.82;7.500000000000133;9.750000000000053
4.83;7.500000000000178;9.250000000000044
4.84;7.4999999999995115;8.749999999999968
4.8500000000000005;5.000000000000089;8.249999999999956
4.86;7.500000000000178;8.00000000000004
4.87;5.000000000000089;7.500000000000027
4.88;5.000000000000089;7.000000000000012
4.89;4.999999999999689;6.49999999999996
4.9;2.5000000000000444;6.000000000000018
4.91;5.000000000000089;5.750000000000009
4.92;5.000000000000133;5.500000000000009
4.93;2.4999999999998224;4.999999999999973
4.94;5.000000000000089;4.750000000000031
4.95;2.500000000000089;4.500000000000031
4.96;5.000000000000089;4.250000000000023
4.97;2.4999999999998224;3.9999999999999956
4.98;5.000000000000133;4.0
4.99;2.5000000000000444;3.7500000000000355
5.0;2.5000000000000444;3.7500000000000355
5.01;2.4999999999998224;3.5000000000000093
5.0200000000000005;2.5000000000000444;3.25
5.03;7.500000000000178;3.7500000000000355
5.04;10.000000000000178;4.250000000000044
5.05;14.999999999999023;5.499999999999938
5.0600000000000005;17.500000000000355;6.7499999999999645
5.07;15.000000000000355;8.000000000000018
5.08;15.000000000000266;9.000000000000032
5.09;17.49999999999889;10.499999999999917
5.1000000000000005;12.500000000000266;11.49999999999994
5.11;15.000000000000266;12.749999999999982
5.12;12.500000000000266;13.750000000000005
5.13;12.500000000000266;14.250000000000014
5.14;9.999999999999378;14.249999999999932
5.15;12.500000000000266;14.000000000000057
5.16;10.000000000000178;13.250000000000039
5.17;12.500000000000266;13.000000000000032
5.18;9.999999999999378;12.499999999999943
5.19;12.500000000000266;12.00000000000008
5.2;10.000000000000178;11.750000000000071
5.21;12.500000000000266;11.500000000000071
5.22;9.99999999999929;11.249999999999975
5.23;12.500000000000266;11.249999999999973
5.24;12.500000000000266;11.500000000000062
5.25;15.000000000000355;11.750000000000071
5.26;12.499999999999156;11.99999999999997
5.2700000000000005;12.500000000000266;11.999999999999968
5.28;12.500000000000266;12.250000000000059
5.29;15.000000000000355;12.500000000000068
5.3;12.499999999999156;12.749999999999964
5.3100000000000005;12.500000000000266;12.749999999999963
5.32;10.000000000000178;12.750000000000053
5.33;12.500000000000266;12.750000000000053
5.34;12.499999999999156;12.749999999999941
5.3500000000000005;12.500000000000266;12.499999999999932
5.36;15.000000000000355;12.750000000000053
5.37;12.500000000000266;12.750000000000053
5.38;12.500000000000266;12.750000000000053
5.39;12.499999999999156;12.499999999999932
5.4;12.500000000000266;12.500000000000044
5.41;12.500000000000266;12.500000000000044
5.42;12.500000000000266;12.750000000000053
5.43;12.499999999999156;12.749999999999941
5.44;15.000000000000355;13.000000000000062
5.45;12.500000000000266;13.000000000000062
5.46;12.500000000000266;12.750000000000053
5.47;12.499999999999156;12.749999999999941
5.48;12.500000000000266;12.749999999999941
5.49;12.500000000000266;12.750000000000053
5.5;12.500000000000266;12.750000000000053
5.51;12.499999999999156;12.749999999999941
5.5200000000000005;12.500000000000266;12.749999999999941
5.53;12.500000000000266;12.750000000000053
5.54;12.500000000000266;12.500000000000044
5.55;12.499999999999156;12.499999999999932
5.5600000000000005;12.500000000000266;12.499999999999932
5.57;12.500000000000266;12.500000000000046
5.58;15.000000000000355;12.750000000000053
5.59;12.499999999999156;12.749999999999941
5.6000000000000005;15.000000000000178;12.999999999999932
5.61;12.500000000000266;13.000000000000046
5.62;15.000000000000355;13.250000000000053
5.63;12.500000000000266;13.250000000000053
5.64;12.499999999999156;13.249999999999943
5.65;10.000000000000178;13.000000000000046
5.66;15.000000000000355;13.250000000000053
5.67;12.500000000000266;13.250000000000053
5.68;12.499999999999156;12.999999999999932
5.69;12.500000000000266;13.000000000000046
5.7;12.500000000000266;12.750000000000053
5.71;10.000000000000178;12.500000000000046
5.72;12.499999999999156;12.249999999999925
5.73;12.500000000000266;12.249999999999925
5.74;15.000000000000355;12.500000000000044
5.75;15.000000000000355;13.000000000000062
5.76;12.499999999999156;12.749999999999943
5.7700000000000005;15.000000000000355;12.999999999999952
5.78;12.500000000000266;13.000000000000062
5.79;12.500000000000266;13.000000000000062
5.8;12.499999999999156;12.999999999999952
5.8100000000000005;12.500000000000266;13.249999999999961
5.82;12.500000000000266;13.250000000000071
5.83;12.500000000000266;13.250000000000071
5.84;12.499999999999156;12.999999999999952
5.8500000000000005;12.500000000000266;12.749999999999941
5.86;12.500000000000266;12.750000000000053
5.87;12.500000000000266;12.500000000000044
5.88;12.500000000000266;12.500000000000046
5.89;14.999999999999023;12.74999999999992
5.9;12.500000000000266;12.750000000000032
5.91;15.000000000000178;13.000000000000023
5.92;12.500000000000266;13.000000000000023
5.93;12.499999999999156;12.999999999999911
5.94;12.500000000000266;13.000000000000023
5.95;12.500000000000266;13.000000000000023
5.96;12.500000000000266;13.000000000000023
5.97;12.499999999999156;12.999999999999911
5.98;12.500000000000266;12.999999999999911
5.99;12.500000000000266;12.750000000000036
6.0;12.500000000000266;12.750000000000036
6.01;12.499999999999156;12.499999999999932
6.0200000000000005;12.500000000000266;12.499999999999932
6.03;12.500000000000266;12.500000000000044
6.04;12.500000000000266;12.500000000000046
6.05;14.9999999999992;12.749999999999938
6.0600000000000005;15.000000000000178;12.999999999999929
6.07;12.500000000000266;13.000000000000039
6.08;15.000000000000178;13.250000000000032
6.09;12.499999999999156;13.24999999999992
6.1000000000000005;10.000000000000355;12.999999999999929
6.11;12.500000000000266;13.000000000000039
6.12;12.500000000000266;13.000000000000039
6.13;14.999999999998845;13.249999999999897
6.140000000000001;10.000000000000355;12.999999999999906
6.15;15.000000000000178;13.000000000000005
6.16;12.500000000000266;12.750000000000012
6.17;10.000000000000355;12.500000000000021
6.18;12.499999999999156;12.24999999999992
6.19;15.000000000000178;12.500000000000021
6.2;12.500000000000266;12.750000000000012
6.21;15.000000000000533;13.000000000000039
6.22;12.499999999999156;12.999999999999929
6.23;15.000000000000178;13.000000000000062
6.24;12.500000000000266;13.250000000000053
6.25;12.500000000000266;13.000000000000062
6.26;12.499999999999156;12.999999999999952
6.2700000000000005;12.500000000000266;13.249999999999943
6.28;12.500000000000266;13.250000000000053
6.29;12.500000000000266;13.000000000000062
6.3;12.499999999999156;12.999999999999952
6.3100000000000005;12.500000000000266;12.749999999999924
6.32;12.500000000000266;12.750000000000036
6.33;10.000000000000355;12.250000000000053
6.34;12.499999999999156;12.249999999999943
6.3500000000000005;12.500000000000266;12.249999999999943
6.36;12.500000000000266;12.250000000000053
6.37;10.000000000000355;12.00000000000006
6.38;9.999999999999112;11.749999999999947
6.390000000000001;10.000000000000355;11.499999999999956
6.4;10.0;11.250000000000039
6.41;10.000000000000355;11.00000000000005
6.42;7.500000000000089;10.500000000000032
6.43;7.499999999999423;10.249999999999938
6.44;7.500000000000444;9.750000000000068
6.45;7.500000000000089;9.250000000000048
6.46;7.500000000000089;8.750000000000032
6.47;7.499999999999423;8.499999999999938
6.48;7.500000000000089;8.250000000000036
6.49;7.500000000000444;8.000000000000044
6.5;7.500000000000089;7.750000000000052
6.51;7.499999999999423;7.49999999999996
6.5200000000000005;5.000000000000178;7.249999999999969
6.53;7.500000000000089;7.2500000000000355
6.54;5.000000000000178;7.000000000000009
6.55;4.9999999999997335;6.749999999999973
6.5600000000000005;7.500000000000089;6.749999999999973
6.57;5.000000000000178;6.500000000000048
6.58;4.999999999999822;6.250000000000023
6.59;4.9999999999997335;5.999999999999951
6.6000000000000005;5.000000000000178;5.749999999999959
6.61;5.000000000000178;5.5000000000000355
6.62;7.500000000000089;5.750000000000027
6.63;4.9999999999997335;5.499999999999991
6.640000000000001;5.000000000000178;5.499999999999991
6.65;4.999999999999822;5.5
6.66;5.000000000000178;5.250000000000009
6.67;5.000000000000178;5.250000000000009
6.68;4.9999999999997335;5.25
6.69;5.000000000000178;5.250000000000044
6.7;4.999999999999822;5.250000000000009
6.71;2.5000000000002665;5.000000000000018
6.72;4.9999999999997335;4.749999999999982
6.73;4.999999999999822;4.749999999999991
6.74;2.5000000000002665;4.5
6.75;5.000000000000178;4.5000000000000355
6.76;2.499999999999689;4.249999999999988
6.7700000000000005;2.499999999999911;3.99999999999996
6.78;5.000000000000178;4.000000000000004
6.79;2.5000000000002665;3.750000000000013
6.8;2.499999999999689;3.5
6.8100000000000005;2.499999999999911;3.4999999999999645
6.82;2.5000000000002665;3.2500000000000178
6.83;2.499999999999911;3.000000000000026
6.84;4.9999999999997335;3.249999999999974
6.8500000000000005;2.499999999999911;2.9999999999999467
6.86;2.5000000000002665;3.0000000000000044
6.87;2.499999999999911;3.0000000000000044
6.88;2.5000000000000444;2.749999999999991
6.890000000000001;2.499999999999911;2.7499999999999556
6.9;2.499999999999911;2.749999999999978
6.91;2.5000000000002665;2.7500000000000133
6.92;2.499999999999911;2.749999999999978
6.93;0.0;2.4999999999999867
6.94;2.5000000000002665;2.25000000000004
6.95;2.499999999999911;2.25000000000004
6.96;2.499999999999911;2.2500000000000044
6.97;2.5000000000000444;2.2500000000000178
6.98;0.0;2.0000000000000133
6.99;2.499999999999911;2.0000000000000133
7.0;2.5000000000002665;2.000000000000049
7.01;0.0;1.750000000000022
7.0200000000000005;2.499999999999911;1.750000000000022
7.03;2.499999999999911;2.0000000000000133
7.04;0.0;1.7499999999999865
7.05;2.5000000000000444;1.75
7.0600000000000005;2.499999999999911;1.75
7.07;0.0;1.4999999999999956
7.08;2.5000000000002665;1.750000000000022
7.09;0.0;1.500000000000031
7.1000000000000005;2.499999999999911;1.4999999999999956
7.11;0.0;1.4999999999999956
7.12;2.499999999999911;1.4999999999999956
7.13;2.5000000000000444;1.5000000000000089
7.140000000000001;0.0;1.5000000000000089
7.15;0.0;1.2500000000000044
7.16;2.499999999999911;1.2500000000000044
7.17;0.0;1.2500000000000044
7.18;2.5000000000000444;1.2499999999999822
7.19;0.0;1.2499999999999822
7.2;2.499999999999911;1.2499999999999822
7.21;0.0;1.2499999999999822
7.22;2.499999999999689;1.24999999999996
7.23;0.0;0.9999999999999556
7.24;0.0;0.9999999999999556
7.25;2.5000000000002665;1.2499999999999822
7.26;0.0;0.9999999999999911
7.2700000000000005;2.499999999999911;1.2499999999999822
7.28;0.0;0.9999999999999778
7.29;0.0;0.9999999999999778
7.3;2.5000000000000444;0.9999999999999911
7.3100000000000005;0.0;0.9999999999999911
7.32;0.0;0.7500000000000222
7.33;2.499999999999911;1.0000000000000133
7.34;0.0;1.0000000000000133
7.3500000000000005;0.0;0.7499999999999867
7.36;0.0;0.7499999999999867
7.37;2.499999999999911;0.7499999999999867
7.38;0.0;0.7499999999999867
7.390000000000001;0.0;0.7499999999999867
7.4;0.0;0.49999999999998224
7.41;2.5000000000002665;0.7500000000000089
7.42;0.0;0.7500000000000089
7.43;0.0;0.5000000000000178
7.44;0.0;0.5000000000000178
7.45;2.499999999999911;0.7500000000000089
7.46;0.0;0.7500000000000089
7.47;0.0;0.5000000000000178
7.48;0.0;0.5000000000000178
7.49;0.0;0.5000000000000178
7.5;2.5000000000002665;0.7500000000000444
7.51;0.0;0.5000000000000178
7.5200000000000005;0.0;0.5000000000000178
7.53;0.0;0.5000000000000178
7.54;0.0;0.5000000000000178
7.55;2.499999999999689;0.49999999999999556
7.5600000000000005;0.0;0.49999999999999556
7.57;0.0;0.49999999999999556
7.58;0.0;0.49999999999999556
7.59;0.0;0.49999999999999556
7.6000000000000005;2.499999999999911;0.49999999999996003
7.61;0.0;0.49999999999996003
7.62;0.0;0.49999999999996003
7.63;0.0;0.49999999999996003
7.640000000000001;0.0;0.49999999999996003
7.65;0.0;0.24999999999999112
7.66;0.0;0.24999999999999112
7.67;2.5000000000002665;0.5000000000000178
7.68;0.0;0.5000000000000178
7.69;0.0;0.5000000000000178
7.7;0.0;0.25000000000002665
7.71;0.0;0.25000000000002665
7.72;0.0;0.25000000000002665
7.73;0.0;0.25000000000002665
7.74;2.499999999999911;0.5000000000000178
7.75;0.0;0.5000000000000178
7.76;0.0;0.5000000000000178
7.7700000000000005;0.0;0.24999999999999112
7.78;0.0;0.24999999999999112
7.79;0.0;0.24999999999999112
7.8;0.0;0.24999999999999112
7.8100000000000005;0.0;0.24999999999999112
7.82;2.5000000000002665;0.5000000000000178
7.83;0.0;0.5000000000000178
7.84;0.0;0.25000000000002665
7.8500000000000005;0.0;0.25000000000002665
7.86;0.0;0.25000000000002665
7.87;0.0;0.25000000000002665
7.88;0.0;0.25000000000002665
7.890000000000001;0.0;0.25000000000002665
7.9;2.499999999999911;0.5000000000000178
7.91;0.0;0.5000000000000178
7.92;0.0;0.24999999999999112
7.930000000000001;0.0;0.24999999999999112
7.94;0.0;0.24999999999999112
7.95;0.0;0.24999999999999112
7.96;0.0;0.24999999999999112
7.97;0.0;0.24999999999999112
7.98;0.0;0.24999999999999112
7.99;0.0;0.24999999999999112
8.0;0.0;0.0
8.01;0.0;0.0
8.02;2.499999999999911;0.24999999999999112
8.03;0.0;0.24999999999999112
8.040000000000001;0.0;0.24999999999999112
8.05;0.0;0.24999999999999112
8.06;0.0;0.24999999999999112
8.07;0.0;0.24999999999999112
8.08;0.0;0.24999999999999112
8.09;0.0;0.24999999999999112
8.1;0.0;0.24999999999999112
8.11;0.0;0.24999999999999112
8.120000000000001;0.0;0.0
8.13;0.0;0.0
8.14;0.0;0.0
8.15;0.0;0.0
8.16;2.5000000000002665;0.25000000000002665
8.17;0.0;0.25000000000002665
8.18;0.0;0.25000000000002665
8.19;0.0;0.25000000000002665
8.2;0.0;0.25000000000002665
8.21;0.0;0.25000000000002665
8.22;0.0;0.25000000000002665
8.23;0.0;0.25000000000002665
8.24;0.0;0.25000000000002665
8.25;0.0;0.25000000000002665
8.26;0.0;0.0
8.27;0.0;0.0
8.28;0.0;0.0
8.290000000000001;0.0;0.0
8.3;0.0;0.0
8.31;0.0;0.0
8.32;0.0;0.0
8.33;0.0;0.0
8.34;0.0;0.0
8.35;0.0;0.0
8.36;0.0;0.0
8.370000000000001;0.0;0.0
8.38;0.0;0.0
8.39;0.0;0.0
8.4;0.0;0.0
8.41;0.0;0.0
8.42;0.0;0.0
8.43;0.0;0.0
8.44;0.0;0.0
8.45;0.0;0.0
8.46;0.0;0.0
8.47;0.0;0.0
8.48;0.0;0.0
8.49;2.499999999999911;0.24999999999999112
8.5;0.0;0.24999999999999112
8.51;0.0;0.24999999999999112
8.52;0.0;0.24999999999999112
8.53;0.0;0.24999999999999112
8.540000000000001;0.0;0.24999999999999112
8.55;0.0;0.24999999999999112
8.56;0.0;0.24999999999999112
8.57;0.0;0.24999999999999112
8.58;0.0;0.24999999999999112
8.59;0.0;0.0
8.6;0.0;0.0
8.61;0.0;0.0
8.620000000000001;0.0;0.0
8.63;0.0;0.0
8.64;0.0;0.0
8.65;0.0;0.0
8.66;0.0;0.0
8.67;0.0;0.0
8.68;0.0;0.0
8.69;0.0;0.0
8.700000000000001;0.0;0.0
8.71;0.0;0.0
8.72;0.0;0.0
8.73;0.0;0.0
8.74;0.0;0.0
8.75;0.0;0.0
8.76;0.0;0.0
8.77;0.0;0.0
8.78;0.0;0.0
8.790000000000001;0.0;0.0
8.8;0.0;0.0
8.81;0.0;0.0
8.82;0.0;0.0
8.83;0.0;0.0
8.84;0.0;0.0
8.85;0.0;0.0
8.86;0.0;0.0
8.870000000000001;0.0;0.0
8.88;0.0;0.0
8.89;0.0;0.0
8.9;0.0;0.0
8.91;0.0;0.0
8.92;0.0;0.0
8.93;0.0;0.0
8.94;0.0;0.0
8.950000000000001;0.0;0.0
8.96;0.0;0.0
8.97;0.0;0.0
8.98;0.0;0.0
8.99;0.0;0.0
9.0;0.0;0.0
9.01;0.0;0.0
9.02;0.0;0.0
9.03;0.0;0.0
9.040000000000001;0.0;0.0
9.05;0.0;0.0
9.06;0.0;0.0
9.07;0.0;0.0
9.08;0.0;0.0
9.09;0.0;0.0
9.1;0.0;0.0
9.11;0.0;0.0
9.120000000000001;0.0;0.0
9.13;0.0;0.0
9.14;0.0;0.0
9.15;0.0;0.0
9.16;0.0;0.0
9.17;0.0;0.0
9.18;0.0;0.0
9.19;0.0;0.0
9.200000000000001;0.0;0.0
9.21;0.0;0.0
9.22;0.0;0.0
9.23;0.0;0.0
9.24;0.0;0.0
9.25;0.0;0.0
9.26;0.0;0.0
9.27;0.0;0.0
9.28;0.0;0.0
9.290000000000001;0.0;0.0
9.3;0.0;0.0
9.31;0.0;0.0
9.32;0.0;0.0
9.33;0.0;0.0
9.34;0.0;0.0
9.35;0.0;0.0
9.36;0.0;0.0
9.370000000000001;0.0;0.0
9.38;0.0;0.0
9.39;0.0;0.0
9.4;0.0;0.0
9.41;0.0;0.0
9.42;0.0;0.0
9.43;0.0;0.0
9.44;2.4999999999998224;0.24999999999998224
9.450000000000001;0.0;0.24999999999998224
9.46;0.0;0.24999999999998224
9.47;0.0;0.24999999999998224
9.48;0.0;0.24999999999998224
9.49;-12.500000000000266;-1.0000000000000444
9.5;-17.500000000000444;-2.750000000000089
9.51;-7.500000000000089;-3.500000000000098
9.52;-5.000000000000178;-4.0000000000001155
9.53;-7.4999999999987566;-4.749999999999991
9.540000000000001;-5.000000000000178;-5.499999999999991
9.55;-7.500000000000089;-6.25
9.56;-5.000000000000178;-6.750000000000017
9.57;-5.000000000000178;-7.2500000000000355
9.58;-5.000000000000178;-7.750000000000054
9.59;-2.499999999999911;-6.750000000000017
9.6;-2.5000000000002665;-5.25
9.61;-2.499999999999467;-4.749999999999938
9.620000000000001;-5.000000000000178;-4.749999999999938
9.63;-5.000000000000178;-4.50000000000008
9.64;-4.999999999999822;-4.500000000000044
9.65;-5.000000000000178;-4.250000000000053
9.66;-7.500000000000089;-4.500000000000044
9.67;-5.000000000000178;-4.500000000000044
9.68;-7.500000000000089;-4.7500000000000355
9.69;-9.999999999998579;-5.499999999999902
9.700000000000001;-10.000000000000355;-6.249999999999911
9.71;-12.500000000000266;-7.249999999999991
9.72;-15.000000000000178;-8.249999999999991
9.73;-15.000000000000178;-9.249999999999991
9.74;-12.500000000000266;-10.000000000000034
9.75;-17.500000000000444;-11.250000000000062
9.76;-15.000000000000533;-12.000000000000107
9.77;-15.000000000000178;-13.000000000000105
9.78;-17.499999999997335;-13.999999999999833
9.790000000000001;-15.000000000000178;-14.499999999999991
9.8;-20.000000000000355;-15.49999999999999
9.81;-20.00000000000071;-16.250000000000036
9.82;-17.50000000000009;-16.50000000000003
9.83;-22.50000000000062;-17.25000000000007
9.84;-22.50000000000062;-18.250000000000107
9.85;-25.000000000000533;-19.000000000000117
9.86;-22.49999999999627;-19.74999999999969
9.870000000000001;-22.50000000000062;-20.499999999999737
9.88;-20.000000000000355;-20.750000000000036
9.89;-22.50000000000062;-21.500000000000078
9.9;-25.000000000000533;-22.0000000000001
9.91;-22.500000000000266;-22.250000000000053
9.92;-27.5000000000008;-23.250000000000124
9.93;-27.500000000000444;-23.750000000000107
9.94;-27.499999999995914;-24.249999999999638
9.950000000000001;-22.500000000000266;-23.99999999999961
9.96;-25.000000000000533;-24.250000000000036
9.97;-25.000000000000533;-24.500000000000025
9.98;-25.000000000000533;-25.000000000000046
9.99;-25.000000000000533;-25.250000000000036
10.0;-27.5000000000008;-25.500000000000064
10.01;-30.000000000000355;-26.250000000000075
10.02;-25.000000000000533;-26.000000000000046
10.03;-24.999999999996092;-25.74999999999961
10.040000000000001;-25.000000000000533;-25.50000000000007
10.05;-25.00000000000071;-25.75000000000012
10.06;-27.50000000000062;-26.000000000000124
10.07;-25.000000000000533;-26.000000000000124
10.08;-27.500000000000444;-26.250000000000114
10.09;-27.50000000000062;-26.500000000000124
10.1;-27.50000000000062;-26.500000000000107
10.11;-27.499999999995737;-26.24999999999965
10.120000000000001;-25.000000000000533;-26.24999999999964
10.13;-25.000000000000533;-26.250000000000092
10.14;-25.000000000000533;-26.250000000000092
10.15;-27.50000000000062;-26.500000000000078
10.16;-30.000000000000533;-26.750000000000068
10.17;-27.50000000000062;-27.000000000000078
10.18;-27.50000000000062;-27.000000000000096
10.19;-24.999999999996092;-26.74999999999965
10.200000000000001;-25.000000000000533;-26.499999999999638
10.21;-25.000000000000533;-26.250000000000114
10.22;-27.50000000000062;-26.500000000000124
10.23;-30.000000000000533;-27.000000000000124
10.24;-27.50000000000062;-27.250000000000135
10.25;-25.000000000000533;-27.000000000000124
10.26;-25.000000000000533;-26.500000000000124
10.27;-27.50000000000062;-26.500000000000124
10.28;-24.999999999996092;-26.24999999999967
10.290000000000001;-25.000000000000533;-26.250000000000114
10.3;-27.50000000000062;-26.500000000000124
10.31;-27.50000000000062;-26.75000000000013
10.32;-27.500000000000444;-26.750000000000114
10.33;-25.000000000000533;-26.250000000000114
10.34;-25.000000000000533;-26.000000000000107
10.35;-25.00000000000062;-26.000000000000114
10.36;-24.999999999996092;-25.99999999999967
10.370000000000001;-25.000000000000533;-25.74999999999966
10.38;-27.500000000000533;-26.000000000000107
10.39;-27.50000000000062;-26.250000000000114
10.4;-27.50000000000062;-26.250000000000114
10.41;-25.000000000000533;-26.000000000000107
10.42;-27.500000000000533;-26.000000000000114
10.43;-25.000000000000533;-26.000000000000114
10.44;-24.999999999996092;-25.99999999999967
10.450000000000001;-25.000000000000533;-25.99999999999966
10.46;-22.500000000000533;-25.750000000000107
10.47;-20.000000000000355;-25.25000000000009
10.48;-22.500000000000533;-24.75000000000009
10.49;-20.000000000000444;-24.000000000000075
10.5;-20.000000000000444;-23.250000000000053
10.51;-20.0000000000004;-22.75000000000004
10.52;-17.500000000000355;-21.75000000000002
10.53;-17.499999999997293;-20.999999999999698
10.540000000000001;-17.500000000000355;-20.250000000000124
10.55;-17.500000000000355;-19.500000000000107
10.56;-15.000000000000355;-18.75000000000009
10.57;-15.00000000000031;-18.250000000000085
10.58;-15.00000000000031;-17.500000000000064
10.59;-15.00000000000031;-17.00000000000005
10.6;-15.00000000000031;-16.500000000000036
10.61;-12.499999999998046;-15.749999999999801
10.620000000000001;-10.000000000000222;-14.999999999999787
10.63;-12.500000000000266;-14.500000000000082
10.64;-10.000000000000222;-13.750000000000071
10.65;-10.000000000000222;-13.000000000000057
10.66;-10.000000000000222;-12.500000000000044
10.67;-7.500000000000155;-11.750000000000028
10.68;-10.0000000000002;-11.250000000000018
10.69;-7.499999999998845;-10.49999999999987
10.700000000000001;-10.0000000000002;-9.999999999999861
10.71;-5.000000000000111;-9.250000000000068
10.72;-7.500000000000155;-9.00000000000006
10.73;-7.500000000000155;-8.50000000000005
10.74;-7.500000000000178;-8.250000000000044
10.75;-5.000000000000089;-7.750000000000031
10.76;-7.500000000000178;-7.500000000000027
10.77;-5.000000000000111;-7.250000000000023
10.78;-4.999999999999201;-6.749999999999924
10.790000000000001;-5.000000000000111;-6.500000000000048
10.8;-5.000000000000111;-6.00000000000004
10.81;-5.000000000000111;-6.00000000000004
10.82;-5.0000000000001;-5.750000000000034
10.83;-5.000000000000111;-5.50000000000003
10.84;-2.5000000000000555;-5.000000000000018
10.85;-5.0000000000001;-5.0000000000000195
10.86;-2.4999999999996114;-4.499999999999963
10.870000000000001;-2.5000000000000555;-4.2499999999999565
10.88;-5.0000000000001;-4.250000000000047
10.89;-2.5000000000000555;-4.000000000000041
10.9;-2.5000000000000555;-3.7500000000000355
10.91;-2.5000000000000555;-3.5000000000000298
10.92;-2.5000000000000555;-3.2500000000000258
10.93;-2.50000000000005;-3.0000000000000195
10.94;-2.4999999999996114;-2.999999999999975
10.950000000000001;-2.50000000000005;-2.7499999999999702
10.96;-2.5000000000000555;-2.7500000000000147
10.97;-2.5000000000000555;-2.7500000000000147
10.98;0.0;-2.2500000000000044
10.99;-2.50000000000005;-2.250000000000004
11.0;-2.5000000000000555;-2.250000000000004
11.01;0.0;-1.9999999999999982
11.02;-2.50000000000005;-1.9999999999999978
11.03;0.0;-1.749999999999993
11.040000000000001;-2.5000000000000555;-1.7500000000000373
11.05;0.0;-1.5000000000000322
11.06;-2.5000000000000555;-1.5000000000000324
11.07;0.0;-1.2500000000000266
11.08;-2.500000000000053;-1.500000000000032
11.09;0.0;-1.250000000000027
11.1;-2.500000000000053;-1.2500000000000266
11.11;0.0;-1.2500000000000266
11.120000000000001;-2.500000000000053;-1.250000000000027
11.13;0.0;-1.250000000000027
11.14;0.0;-1.0000000000000215
11.15;0.0;-1.0000000000000215
11.16;-2.500000000000053;-1.000000000000021
11.17;0.0;-1.000000000000021
11.18;0.0;-0.7500000000000158
11.19;-2.4999999999996114;-0.9999999999999769
11.200000000000001;0.0;-0.7499999999999718
11.21;0.0;-0.7499999999999718
11.22;0.0;-0.4999999999999664
11.23;0.0;-0.4999999999999664
11.24;0.0;-0.4999999999999664
11.25;-2.500000000000053;-0.7499999999999717
11.26;0.0;-0.4999999999999664
11.27;0.0;-0.4999999999999664
11.28;0.0;-0.4999999999999664
11.290000000000001;0.0;-0.2500000000000053
11.3;-2.500000000000053;-0.5000000000000105
11.31;0.0;-0.5000000000000105
11.32;0.0;-0.5000000000000105
11.33;0.0;-0.5000000000000105
11.34;0.0;-0.5000000000000105
11.35;0.0;-0.2500000000000053
11.36;0.0;-0.2500000000000053
11.370000000000001;0.0;-0.2500000000000053
11.38;0.0;-0.2500000000000053
11.39;0.0;-0.2500000000000053
11.4;0.0;0.0
11.41;0.0;0.0
11.42;-2.500000000000054;-0.25000000000000544
11.43;0.0;-0.25000000000000544
11.44;0.0;-0.25000000000000544
11.450000000000001;0.0;-0.25000000000000544
11.46;0.0;-0.25000000000000544
11.47;0.0;-0.25000000000000544
11.48;0.0;-0.25000000000000544
11.49;0.0;-0.25000000000000544
11.5;0.0;-0.25000000000000544
11.51;0.0;-0.25000000000000544
11.52;0.0;0.0
11.53;0.0;0.0
11.540000000000001;0.0;0.0
11.55;0.0;0.0
11.56;0.0;0.0
11.57;0.0;0.0
11.58;0.0;0.0
11.59;0.0;0.0
11.6;0.0;0.0
11.61;0.0;0.0
11.620000000000001;0.0;0.0
11.63;-2.5000000000000533;-0.25000000000000533
11.64;0.0;-0.25000000000000533
11.65;0.0;-0.25000000000000533
11.66;0.0;-0.25000000000000533
11.67;0.0;-0.25000000000000533
11.68;0.0;-0.25000000000000533
11.69;0.0;-0.25000000000000533
11.700000000000001;0.0;-0.25000000000000533
11.71;0.0;-0.25000000000000533
11.72;0.0;-0.25000000000000533
11.73;0.0;0.0
11.74;0.0;0.0
11.75;0.0;0.0
11.76;0.0;0.0
11.77;0.0;0.0
11.78;0.0;0.0
11.790000000000001;0.0;0.0
11.8;0.0;0.0
11.81;0.0;0.0
11.82;0.0;0.0
11.83;0.0;0.0
11.84;0.0;0.0
11.85;0.0;0.0
11.86;0.0;0.0
11.870000000000001;0.0;0.0
11.88;0.0;0.0
11.89;0.0;0.0
11.9;0.0;0.0
11.91;0.0;0.0
11.92;0.0;0.0
11.93;0.0;0.0
11.94;0.0;0.0
11.950000000000001;0.0;0.0
11.96;0.0;0.0
11.97;0.0;0.0
11.98;0.0;0.0
11.99;0.0;0.0
12.0;0.0;0.0
12.01;0.0;0.0
12.02;0.0;0.0
12.030000000000001;0.0;0.0
12.040000000000001;0.0;0.0
12.05;0.0;0.0
12.06;0.0;0.0
12.07;0.0;0.0
12.08;0.0;0.0
12.09;0.0;0.0
12.1;0.0;0.0
12.11;0.0;0.0
12.120000000000001;0.0;0.0
12.13;0.0;0.0
12.14;0.0;0.0
12.15;0.0;0.0
12.16;0.0;0.0
12.17;0.0;0.0
12.18;0.0;0.0
12.19;0.0;0.0
12.200000000000001;0.0;0.0
12.21;0.0;0.0
12.22;0.0;0.0
12.23;0.0;0.0
12.24;0.0;0.0
12.25;0.0;0.0
12.26;0.0;0.0
12.27;0.0;0.0
12.280000000000001;0.0;0.0
12.290000000000001;0.0;0.0
12.3;0.0;0.0
12.31;0.0;0.0
12.32;0.0;0.0
12.33;0.0;0.0
12.34;0.0;0.0
12.35;0.0;0.0
12.36;0.0;0.0
12.370000000000001;0.0;0.0
12.38;0.0;0.0
12.39;0.0;0.0
12.4;0.0;0.0
12.41;0.0;0.0
12.42;0.0;0.0
12.43;0.0;0.0
12.44;0.0;0.0
12.450000000000001;0.0;0.0
12.46;0.0;0.0
12.47;0.0;0.0
12.48;0.0;0.0
12.49;0.0;0.0
12.5;0.0;0.0
12.51;0.0;0.0
12.52;0.0;0.0
12.530000000000001;0.0;0.0
12.540000000000001;0.0;0.0
12.55;0.0;0.0
12.56;0.0;0.0
12.57;0.0;0.0
12.58;0.0;0.0
12.59;0.0;0.0
12.6;0.0;0.0
12.61;0.0;0.0
12.620000000000001;0.0;0.0
12.63;0.0;0.0
12.64;0.0;0.0
12.65;0.0;0.0
12.66;0.0;0.0
12.67;0.0;0.0
12.68;0.0;0.0
12.69;0.0;0.0
12.700000000000001;0.0;0.0
12.71;0.0;0.0
12.72;0.0;0.0
12.73;0.0;0.0
12.74;0.0;0.0
12.75;0.0;0.0
12.76;0.0;0.0
12.77;0.0;0.0
12.780000000000001;0.0;0.0
12.790000000000001;0.0;0.0
12.8;0.0;0.0
12.81;0.0;0.0
12.82;0.0;0.0
12.83;0.0;0.0
12.84;0.0;0.0
12.85;0.0;0.0
12.86;0.0;0.0
12.870000000000001;0.0;0.0
12.88;0.0;0.0
12.89;0.0;0.0
12.9;0.0;0.0
12.91;0.0;0.0
12.92;0.0;0.0
12.93;0.0;0.0
12.94;0.0;0.0
12.950000000000001;0.0;0.0
12.96;0.0;0.0
12.97;0.0;0.0
12.98;0.0;0.0
12.99;0.0;0.0
13.0;0.0;0.0
13.01;0.0;0.0
13.02;0.0;0.0
13.030000000000001;0.0;0.0
13.040000000000001;0.0;0.0
13.05;0.0;0.0
13.06;0.0;0.0
13.07;0.0;0.0
13.08;0.0;0.0
13.09;0.0;0.0
13.1;0.0;0.0
13.11;0.0;0.0
13.120000000000001;0.0;0.0
13.13;0.0;0.0
13.14;0.0;0.0
13.15;0.0;0.0
13.16;0.0;0.0
13.17;0.0;0.0
13.18;0.0;0.0
13.19;0.0;0.0
13.200000000000001;0.0;0.0
13.21;0.0;0.0
13.22;0.0;0.0
13.23;0.0;0.0
13.24;0.0;0.0
13.25;0.0;0.0
13.26;0.0;0.0
13.27;0.0;0.0
13.280000000000001;0.0;0.0
13.290000000000001;0.0;0.0
13.3;0.0;0.0
13.31;0.0;0.0
13.32;0.0;0.0
13.33;0.0;0.0
13.34;0.0;0.0
13.35;0.0;0.0
13.36;0.0;0.0
13.370000000000001;0.0;0.0
13.38;0.0;0.0
13.39;0.0;0.0
13.4;0.0;0.0
13.41;0.0;0.0
13.42;0.0;0.0
13.43;0.0;0.0
13.44;0.0;0.0
13.450000000000001;0.0;0.0
13.46;0.0;0.0
13.47;0.0;0.0
13.48;5.0000000000001075;0.5000000000000108
13.49;2.500000000000053;0.750000000000016
13.5;5.000000000000108;1.2500000000000269
13.51;7.500000000000158;2.0000000000000426
13.52;4.99999999999922;2.4999999999999645
13.530000000000001;7.500000000000161;3.249999999999981
13.540000000000001;7.500000000000161;3.9999999999999973
13.55;10.000000000000211;5.000000000000018
13.56;7.500000000000167;5.750000000000035
13.57;10.000000000000211;6.750000000000055
13.58;10.000000000000211;7.250000000000067
13.59;10.000000000000211;8.000000000000082
13.6;10.000000000000211;8.500000000000092
13.61;9.999999999998446;8.749999999999922
13.620000000000001;12.500000000000266;9.500000000000025
13.63;10.000000000000222;9.750000000000032
13.64;12.500000000000266;10.250000000000043
13.65;10.0000000000002;10.25000000000004
13.66;12.500000000000266;10.750000000000052
13.67;10.000000000000222;10.750000000000053
13.68;10.0000000000002;10.750000000000052
13.69;9.999999999998446;10.749999999999876
13.700000000000001;12.500000000000266;10.999999999999881
13.71;10.000000000000222;11.000000000000059
13.72;7.500000000000133;10.500000000000044
13.73;10.000000000000222;10.500000000000046
13.74;10.000000000000222;10.250000000000039
13.75;7.500000000000178;10.000000000000039
13.76;10.000000000000222;9.750000000000034
13.77;7.499999999998801;9.49999999999989
13.780000000000001;10.000000000000222;9.499999999999893
13.790000000000001;10.000000000000222;9.500000000000071
13.8;7.500000000000133;9.000000000000059
13.81;10.000000000000222;9.000000000000057
13.82;7.500000000000178;9.000000000000062
13.83;7.500000000000133;8.750000000000053
13.84;7.500000000000178;8.50000000000005
13.85;5.000000000000089;8.250000000000039
13.86;4.999999999999245;7.749999999999941
13.870000000000001;5.000000000000089;7.500000000000071
13.88;7.500000000000178;7.250000000000067
13.89;2.5000000000000444;6.500000000000048
13.9;5.000000000000089;6.250000000000044
13.91;5.000000000000133;5.7500000000000355
13.92;5.000000000000089;5.500000000000027
13.93;5.000000000000133;5.250000000000027
13.94;2.4999999999996003;4.749999999999969
13.950000000000001;5.000000000000089;4.749999999999969
13.96;2.5000000000000444;4.500000000000048
13.97;5.000000000000133;4.500000000000053
13.98;2.5000000000000444;4.00000000000004
13.99;2.5000000000000444;4.000000000000041
14.0;5.000000000000133;4.000000000000044
14.01;2.5;3.750000000000031
14.02;4.9999999999992895;3.7499999999999516
14.030000000000001;2.5;3.4999999999999374
14.040000000000001;5.000000000000089;3.7499999999999867
14.05;7.500000000000178;3.9999999999999956
14.06;12.500000000000266;5.000000000000019
14.07;17.500000000000355;6.25000000000004
14.08;17.500000000000444;7.75000000000008
14.09;15.000000000000266;9.000000000000103
14.1;20.000000000000444;10.500000000000133
14.11;14.99999999999769;11.749999999999902
14.120000000000001;17.500000000000355;13.000000000000009
14.13;15.000000000000355;14.250000000000046
14.14;12.500000000000266;15.000000000000062
14.15;15.000000000000266;15.750000000000071
14.16;12.500000000000266;15.750000000000071
14.17;12.500000000000266;15.250000000000062
14.18;15.000000000000355;15.000000000000052
14.19;12.499999999998046;14.749999999999833
14.200000000000001;15.000000000000266;14.249999999999812
14.21;12.500000000000266;14.000000000000071
14.22;15.000000000000355;13.750000000000071
14.23;15.000000000000355;13.750000000000071
14.24;15.000000000000266;14.000000000000071
14.25;12.500000000000266;13.750000000000071
14.26;15.000000000000355;14.00000000000008
14.27;12.499999999998046;13.999999999999858
14.280000000000001;12.500000000000266;13.749999999999849
14.290000000000001;12.500000000000266;13.750000000000071
14.3;12.500000000000266;13.500000000000071
14.31;12.500000000000266;13.500000000000071
14.32;12.500000000000178;13.250000000000053
14.33;12.500000000000266;13.000000000000046
14.34;10.000000000000355;12.500000000000053
14.35;12.500000000000266;12.500000000000053
14.36;9.999999999998401;11.999999999999858
14.370000000000001;10.000000000000178;11.750000000000071
14.38;7.500000000000089;11.250000000000053
14.39;10.000000000000355;11.00000000000006
14.4;10.000000000000178;10.750000000000053
14.41;7.500000000000089;10.250000000000036
14.42;10.000000000000178;10.000000000000034
14.43;10.000000000000355;9.750000000000046
14.44;7.4999999999987566;9.499999999999885
14.450000000000001;7.500000000000089;8.999999999999867
14.46;7.5000000000002665;8.750000000000053
14.47;7.500000000000089;8.500000000000044
14.48;7.5000000000002665;8.500000000000062
14.49;7.500000000000089;8.250000000000036
14.5;7.5000000000002665;8.000000000000044
14.51;5.0;7.7500000000000355
14.52;7.499999999998934;7.49999999999991
14.530000000000001;5.0;6.999999999999875
14.540000000000001;7.5000000000002665;7.000000000000027
14.55;5.0;6.750000000000019
14.56;5.000000000000178;6.500000000000009
14.57;7.500000000000089;6.500000000000009
14.58;5.000000000000178;6.25
14.59;5.0;5.999999999999991
14.6;5.000000000000178;5.749999999999982
14.61;4.9999999999992895;5.749999999999911
14.620000000000001;5.0;5.500000000000018
14.63;5.000000000000178;5.5000000000000355
14.64;5.0;5.250000000000009
14.65;5.000000000000178;5.250000000000027
14.66;2.500000000000089;5.000000000000017
14.67;5.0;4.750000000000009
14.68;5.000000000000178;4.750000000000009
14.69;2.4999999999996447;4.499999999999973
14.700000000000001;5.0;4.499999999999956
14.71;5.000000000000178;4.500000000000044
14.72;2.500000000000089;4.250000000000053
14.73;5.0;4.2500000000000355
14.74;2.500000000000089;4.000000000000044
14.75;5.000000000000178;4.000000000000044
14.76;2.500000000000089;4.000000000000044
14.77;4.999999999999112;3.999999999999955
14.780000000000001;2.500000000000089;3.749999999999946
14.790000000000001;5.000000000000178;4.0
14.8;2.499999999999911;3.7499999999999907
14.81;2.500000000000089;3.4999999999999813
14.82;2.500000000000089;3.4999999999999822
14.83;5.000000000000178;3.5
14.84;2.499999999999911;3.499999999999983
14.85;2.500000000000089;3.249999999999973
14.86;2.4999999999996447;3.249999999999929
14.870000000000001;2.500000000000089;3.0000000000000266
14.88;2.500000000000089;3.0000000000000266
14.89;2.499999999999911;2.75
14.9;2.500000000000089;2.7500000000000178
14.91;2.500000000000089;2.7500000000000178
14.92;2.500000000000089;2.7500000000000178
14.93;2.500000000000089;2.500000000000009
14.94;2.499999999999467;2.4999999999999645
14.950000000000001;2.500000000000089;2.4999999999999645
14.96;0.0;2.25
14.97;2.500000000000089;2.25
14.98;2.500000000000089;2.25
14.99;0.0;2.000000000000009
15.0;2.500000000000089;2.000000000000009
15.01;2.499999999999911;1.9999999999999911
15.02;2.4999999999996447;1.9999999999999467
15.030000000000001;0.0;1.7499999999999378
15.040000000000001;2.500000000000089;1.75
15.05;2.500000000000089;1.75
15.06;0.0;1.75
15.07;2.500000000000089;1.75
15.08;0.0;1.4999999999999911
15.09;2.499999999999911;1.7499999999999822
15.1;0.0;1.4999999999999734
15.11;2.4999999999996447;1.4999999999999467
15.120000000000001;0.0;1.2499999999999822
15.13;2.500000000000089;1.4999999999999911
15.14;0.0;1.2499999999999822
15.15;2.500000000000089;1.2499999999999822
15.16;0.0;1.2499999999999822
15.17;0.0;0.9999999999999734
15.18;2.500000000000089;1.2499999999999822
15.19;0.0;0.9999999999999911
15.200000000000001;2.499999999999911;1.2499999999999822
15.21;0.0;1.0000000000000178
15.22;0.0;1.0000000000000178
15.23;2.500000000000089;1.0000000000000178
15.24;0.0;1.0000000000000178
15.25;2.500000000000089;1.0000000000000178
15.26;0.0;1.0000000000000178
15.27;0.0;1.0000000000000178
15.280000000000001;2.500000000000089;1.0000000000000178
15.290000000000001;0.0;1.0000000000000178
15.3;0.0;0.7500000000000266
15.31;2.500000000000089;1.0000000000000355
15.32;0.0;1.0000000000000355
15.33;0.0;0.7500000000000266
15.34;2.499999999999911;1.0000000000000178
15.35;0.0;0.7500000000000089
15.36;0.0;0.7500000000000089
15.370000000000001;0.0;0.7500000000000089
15.38;2.500000000000089;0.7500000000000089
15.39;0.0;0.7500000000000089
15.4;0.0;0.7500000000000089
15.41;2.500000000000089;0.7500000000000089
15.42;0.0;0.7500000000000089
15.43;0.0;0.7500000000000089
15.44;0.0;0.5000000000000178
15.450000000000001;2.500000000000089;0.7500000000000266
15.46;0.0;0.7500000000000266
15.47;0.0;0.7500000000000266
15.48;0.0;0.5000000000000178
15.49;0.0;0.5000000000000178
15.5;2.500000000000089;0.7500000000000266
15.51;0.0;0.5000000000000178
15.52;0.0;0.5000000000000178
15.530000000000001;0.0;0.5000000000000178
15.540000000000001;0.0;0.5000000000000178
15.55;2.499999999999911;0.5
15.56;0.0;0.5
15.57;0.0;0.5
15.58;0.0;0.5
15.59;0.0;0.5
15.6;0.0;0.24999999999999112
15.610000000000001;2.500000000000089;0.5
15.620000000000001;0.0;0.5
15.63;0.0;0.5
15.64;0.0;0.5
15.65;0.0;0.2500000000000089
15.66;0.0;0.2500000000000089
15.67;0.0;0.2500000000000089
15.68;2.500000000000089;0.5000000000000178
15.69;0.0;0.5000000000000178
15.700000000000001;0.0;0.5000000000000178
15.71;0.0;0.2500000000000089
15.72;0.0;0.2500000000000089
15.73;0.0;0.2500000000000089
15.74;0.0;0.2500000000000089
15.75;0.0;0.2500000000000089
15.76;0.0;0.2500000000000089
15.77;0.0;0.2500000000000089
15.780000000000001;0.0;0.0
15.790000000000001;0.0;0.0
15.8;2.500000000000089;0.2500000000000089
15.81;0.0;0.2500000000000089
15.82;0.0;0.2500000000000089
15.83;0.0;0.2500000000000089
15.84;0.0;0.2500000000000089
15.85;0.0;0.2500000000000089
15.860000000000001;0.0;0.2500000000000089
15.870000000000001;0.0;0.2500000000000089
15.88;0.0;0.2500000000000089
15.89;0.0;0.2500000000000089
15.9;0.0;0.0
15.91;2.500000000000089;0.2500000000000089
15.92;0.0;0.2500000000000089
15.93;0.0;0.2500000000000089
15.94;0.0;0.2500000000000089
15.950000000000001;0.0;0.2500000000000089
15.96;0.0;0.2500000000000089
15.97;0.0;0.2500000000000089
15.98;0.0;0.2500000000000089
15.99;-5.000000000000178;-0.2500000000000089
16.0;-17.499999999997335;-1.9999999999997424
16.01;-12.500000000002487;-3.5
16.02;-7.4999999999987566;-4.249999999999876
16.03;-7.500000000001421;-5.000000000000018
16.04;-7.499999999998934;-5.749999999999911
16.05;-7.500000000001421;-6.500000000000054
16.06;-4.9999999999992895;-6.999999999999983
16.07;-4.999999999999112;-7.499999999999893
16.080000000000002;-5.000000000001066;-8.0
16.09;-4.9999999999992895;-7.999999999999912
16.1;-5.000000000000888;-6.750000000000267
16.11;-2.4999999999996447;-5.749999999999982
16.12;-2.500000000000533;-5.25000000000016
16.13;-2.4999999999996447;-4.749999999999982
16.14;-5.000000000000888;-4.500000000000178
16.15;-4.9999999999992895;-4.2499999999999645
16.16;-4.999999999999112;-4.249999999999947
16.17;-7.500000000001599;-4.500000000000195
16.18;-7.4999999999987566;-4.7499999999999645
16.19;-10.000000000001954;-5.250000000000231
16.2;-9.999999999998579;-5.75
16.21;-12.500000000002487;-6.750000000000284
16.22;-9.999999999998401;-7.500000000000071
16.23;-12.499999999998046;-8.499999999999911
16.240000000000002;-12.500000000002487;-9.250000000000071
16.25;-14.99999999999769;-10.249999999999911
16.26;-15.000000000002842;-11.250000000000284
16.27;-14.99999999999769;-11.999999999999893
16.28;-17.500000000003553;-13.000000000000373
16.29;-19.999999999996803;-13.999999999999858
16.3;-20.000000000004086;-15.000000000000409
16.31;-22.499999999996447;-15.999999999999805
16.32;-22.499999999996447;-17.24999999999961
16.330000000000002;-22.50000000000444;-18.25000000000025
16.34;-19.99999999999698;-18.999999999999698
16.35;-22.50000000000444;-19.750000000000373
16.36;-22.499999999996447;-20.499999999999734
16.37;-25.000000000004974;-21.500000000000462
16.38;-22.499999999996536;-21.999999999999762
16.39;-25.000000000004974;-22.500000000000576
16.4;-24.999999999996092;-22.99999999999978
16.41;-24.999999999996092;-23.24999999999974
16.42;-25.000000000004974;-23.500000000000593
16.43;-24.999999999996092;-23.749999999999762
16.44;-25.000000000004974;-24.25000000000056
16.45;-24.999999999996092;-24.499999999999723
16.46;-22.50000000000444;-24.500000000000522
16.47;-22.499999999996536;-24.24999999999968
16.48;-22.499999999996447;-24.24999999999967
16.490000000000002;-20.000000000003997;-23.749999999999574
16.5;-22.499999999996447;-23.49999999999961
16.51;-20.000000000003997;-23.0000000000004
16.52;-17.499999999997247;-22.249999999999627
16.53;-20.000000000003997;-21.750000000000416
16.54;-17.499999999997293;-20.99999999999965
16.55;-17.500000000003464;-20.250000000000387
16.56;-17.499999999997293;-19.749999999999673
16.57;-14.999999999997646;-18.99999999999978
16.580000000000002;-17.500000000003464;-18.500000000000483
16.59;-14.999999999997646;-17.99999999999985
16.6;-15.00000000000302;-17.250000000000504
16.61;-14.999999999997646;-16.749999999999872
16.62;-12.500000000002487;-16.250000000000394
16.63;-12.499999999998046;-15.499999999999797
16.64;-12.500000000002487;-15.000000000000322
16.65;-9.999999999998446;-14.249999999999819
16.66;-12.499999999998046;-13.749999999999892
16.67;-10.000000000001998;-13.25000000000033
16.68;-9.999999999998424;-12.499999999999826
16.69;-7.500000000001488;-11.75000000000021
16.7;-9.999999999998446;-11.249999999999751
16.71;-7.500000000001488;-10.500000000000137
16.72;-9.999999999998424;-10.24999999999973
16.73;-7.499999999998845;-9.74999999999981
16.740000000000002;-7.500000000001488;-9.249999999999709
16.75;-7.499999999998823;-8.999999999999748
16.76;-5.000000000000999;-8.250000000000043
16.77;-7.499999999998823;-7.9999999999997256
16.78;-5.000000000000999;-7.499999999999981
16.79;-7.499999999998823;-7.499999999999716
16.8;-5.000000000000999;-6.999999999999972
16.81;-4.999999999999223;-6.749999999999744
16.82;-4.999999999999212;-6.249999999999824
16.830000000000002;-5.000000000000999;-6.000000000000039
16.84;-2.4999999999996114;-5.499999999999852
16.85;-5.0000000000009885;-5.2500000000000675
16.86;-4.999999999999223;-5.249999999999891
16.87;-5.0000000000009885;-5.000000000000107
16.88;-2.4999999999996114;-4.749999999999968
16.89;-2.5000000000004996;-4.250000000000136
16.9;-4.999999999999223;-4.249999999999958
16.91;-2.4999999999996003;-3.9999999999999956
16.92;-2.5000000000004996;-3.7500000000001243
16.93;-2.4999999999996114;-3.499999999999986
16.94;-2.5000000000004996;-3.5000000000000746
16.95;-2.4999999999996114;-3.249999999999937
16.96;-2.5000000000004943;-3.000000000000064
16.97;-2.4999999999996114;-2.7499999999999263
16.98;-2.499999999999606;-2.7499999999999254
16.990000000000002;-2.5000000000004996;-2.749999999999926
17.0;-2.4999999999996114;-2.499999999999965
17.01;0.0;-2.2500000000000044
17.02;-2.499999999999606;-2.249999999999915
17.03;0.0;-1.9999999999999543
17.04;-2.4999999999996114;-1.999999999999865
17.05;-2.5000000000004943;-1.9999999999999538
17.06;0.0;-1.749999999999904
17.07;-2.4999999999996114;-1.749999999999904
17.080000000000002;0.0;-1.4999999999999434
17.09;-2.4999999999996114;-1.4999999999998548
17.1;0.0;-1.2499999999998934
17.11;0.0;-1.2499999999998934
17.12;-2.500000000000497;-1.2499999999999827
17.13;0.0;-1.2499999999999827
17.14;0.0;-1.0000000000000213
17.150000000000002;-2.500000000000497;-1.0000000000000218
17.16;0.0;-1.0000000000000218
17.17;0.0;-0.7500000000000606
17.18;-2.4999999999996088;-1.0000000000000215
17.19;0.0;-0.7500000000000602
17.2;0.0;-0.7500000000000602
17.21;0.0;-0.7500000000000602
17.22;-2.4999999999996088;-0.7499999999999714
17.23;0.0;-0.7499999999999714
17.240000000000002;0.0;-0.7499999999999714
17.25;0.0;-0.49999999999992173
17.26;-2.5000000000004996;-0.7499999999999718
17.27;0.0;-0.7499999999999718
17.28;0.0;-0.5000000000000109
17.29;0.0;-0.5000000000000109
17.3;0.0;-0.5000000000000109
17.31;-2.4999999999996088;-0.7499999999999717
17.32;0.0;-0.5000000000000109
17.330000000000002;0.0;-0.5000000000000109
17.34;0.0;-0.5000000000000109
17.35;0.0;-0.5000000000000109
17.36;0.0;-0.24999999999996086
17.37;-2.500000000000497;-0.5000000000000105
17.38;0.0;-0.5000000000000105
17.39;0.0;-0.5000000000000105
17.400000000000002;0.0;-0.5000000000000105
17.41;0.0;-0.2500000000000497
17.42;0.0;-0.2500000000000497
17.43;0.0;-0.2500000000000497
17.44;0.0;-0.2500000000000497
17.45;0.0;-0.2500000000000497
17.46;0.0;-0.2500000000000497
17.47;-2.49999999999961;-0.249999999999961
17.48;0.0;-0.249999999999961
17.490000000000002;0.0;-0.249999999999961
17.5;0.0;-0.249999999999961
17.51;0.0;-0.249999999999961
17.52;0.0;-0.249999999999961
17.53;0.0;-0.249999999999961
17.54;0.0;-0.249999999999961
17.55;0.0;-0.249999999999961
17.56;0.0;-0.249999999999961
17.57;0.0;0.0
17.580000000000002;0.0;0.0
17.59;0.0;0.0
17.6;0.0;0.0
17.61;0.0;0.0
17.62;0.0;0.0
17.63;0.0;0.0
17.64;0.0;0.0
17.650000000000002;0.0;0.0
17.66;0.0;0.0
17.67;0.0;0.0
17.68;0.0;0.0
17.69;-2.5000000000004974;-0.25000000000004974
17.7;0.0;-0.25000000000004974
17.71;0.0;-0.25000000000004974
17.72;0.0;-0.25000000000004974
17.73;0.0;-0.25000000000004974
17.740000000000002;0.0;-0.25000000000004974
17.75;0.0;-0.25000000000004974
17.76;0.0;-0.25000000000004974
17.77;0.0;-0.25000000000004974
17.78;0.0;-0.25000000000004974
17.79;0.0;0.0
17.8;0.0;0.0
17.81;0.0;0.0
17.82;0.0;0.0
17.830000000000002;0.0;0.0
17.84;0.0;0.0
17.85;0.0;0.0
17.86;0.0;0.0
17.87;0.0;0.0
17.88;0.0;0.0
17.89;0.0;0.0
17.900000000000002;0.0;0.0
17.91;0.0;0.0
17.92;0.0;0.0
17.93;0.0;0.0
17.94;0.0;0.0
17.95;0.0;0.0
17.96;0.0;0.0
17.97;0.0;0.0
17.98;0.0;0.0
17.990000000000002;0.0;0.0
18.0;0.0;0.0
18.01;0.0;0.0
18.02;0.0;0.0
18.03;0.0;0.0
18.04;0.0;0.0
18.05;0.0;0.0
18.06;0.0;0.0
18.07;0.0;0.0
18.080000000000002;0.0;0.0
18.09;0.0;0.0
18.1;0.0;0.0
18.11;0.0;0.0
18.12;0.0;0.0
18.13;0.0;0.0
18.14;0.0;0.0
18.150000000000002;0.0;0.0
18.16;0.0;0.0
18.17;0.0;0.0
18.18;0.0;0.0
18.19;0.0;0.0
18.2;0.0;0.0
18.21;0.0;0.0
18.22;0.0;0.0
18.23;0.0;0.0
18.240000000000002;0.0;0.0
18.25;0.0;0.0
18.26;0.0;0.0
18.27;0.0;0.0
18.28;0.0;0.0
18.29;0.0;0.0
18.3;0.0;0.0
18.31;0.0;0.0
18.32;0.0;0.0
18.330000000000002;0.0;0.0
18.34;0.0;0.0
18.35;0.0;0.0
18.36;0.0;0.0
18.37;0.0;0.0
18.38;0.0;0.0
18.39;0.0;0.0
18.400000000000002;0.0;0.0
18.41;0.0;0.0
18.42;0.0;0.0
18.43;0.0;0.0
18.44;0.0;0.0
18.45;0.0;0.0
18.46;0.0;0.0
18.47;0.0;0.0
18.48;0.0;0.0
18.490000000000002;0.0;0.0
18.5;0.0;0.0
18.51;0.0;0.0
18.52;0.0;0.0
18.53;0.0;0.0
18.54;0.0;0.0
18.55;0.0;0.0
18.56;0.0;0.0
18.57;0.0;0.0
18.580000000000002;0.0;0.0
18.59;0.0;0.0
18.6;0.0;0.0
18.61;0.0;0.0
18.62;0.0;0.0
18.63;0.0;0.0
18.64;0.0;0.0
18.650000000000002;0.0;0.0
18.66;0.0;0.0
18.67;0.0;0.0
18.68;0.0;0.0
18.69;0.0;0.0
18.7;0.0;0.0
18.71;0.0;0.0
18.72;0.0;0.0
18.73;0.0;0.0
18.740000000000002;0.0;0.0
18.75;-2.499999999999609;-0.24999999999996092
18.76;0.0;-0.24999999999996092
18.77;0.0;-0.24999999999996092
18.78;0.0;-0.24999999999996092
18.79;0.0;-0.24999999999996092
18.8;0.0;-0.24999999999996092
18.81;0.0;-0.24999999999996092
18.82;0.0;-0.24999999999996092
18.830000000000002;0.0;-0.24999999999996092
18.84;0.0;-0.24999999999996092
18.85;0.0;0.0
18.86;0.0;0.0
18.87;0.0;0.0
18.88;0.0;0.0
18.89;0.0;0.0
18.900000000000002;0.0;0.0
18.91;0.0;0.0
18.92;0.0;0.0
18.93;0.0;0.0
18.94;0.0;0.0
18.95;0.0;0.0
18.96;0.0;0.0
18.97;0.0;0.0
18.98;0.0;0.0
18.990000000000002;0.0;0.0
19.0;0.0;0.0
19.01;0.0;0.0
19.02;0.0;0.0
19.03;0.0;0.0
19.04;0.0;0.0
19.05;0.0;0.0
19.06;0.0;0.0
19.07;0.0;0.0
19.080000000000002;0.0;0.0
19.09;0.0;0.0
19.1;0.0;0.0
19.11;0.0;0.0
19.12;0.0;0.0
19.13;0.0;0.0
19.14;0.0;0.0
19.150000000000002;0.0;0.0
19.16;0.0;0.0
19.17;0.0;0.0
19.18;0.0;0.0
19.19;0.0;0.0
19.2;0.0;0.0
19.21;0.0;0.0
19.22;0.0;0.0
19.23;0.0;0.0
19.240000000000002;0.0;0.0
19.25;0.0;0.0
19.26;0.0;0.0
19.27;0.0;0.0
19.28;0.0;0.0
19.29;0.0;0.0
19.3;0.0;0.0
19.31;0.0;0.0
19.32;0.0;0.0
19.330000000000002;0.0;0.0
19.34;0.0;0.0
19.35;0.0;0.0
19.36;0.0;0.0
19.37;0.0;0.0
19.38;0.0;0.0
19.39;0.0;0.0
19.400000000000002;0.0;0.0
19.41;0.0;0.0
19.42;0.0;0.0
19.43;0.0;0.0
19.44;0.0;0.0
19.45;0.0;0.0
19.46;0.0;0.0
19.47;0.0;0.0
19.48;0.0;0.0
19.490000000000002;0.0;0.0
19.5;0.0;0.0
19.51;0.0;0.0
19.52;0.0;0.0
19.53;0.0;0.0
19.54;0.0;0.0
19.55;0.0;0.0
19.56;0.0;0.0
19.57;0.0;0.0
19.580000000000002;0.0;0.0
19.59;0.0;0.0
19.6;0.0;0.0
19.61;0.0;0.0
19.62;0.0;0.0
19.63;0.0;0.0
19.64;0.0;0.0
19.650000000000002;0.0;0.0
19.66;0.0;0.0
19.67;0.0;0.0
19.68;0.0;0.0
19.69;0.0;0.0
19.7;0.0;0.0
19.71;0.0;0.0
19.72;0.0;0.0
19.73;0.0;0.0
19.740000000000002;0.0;0.0
19.75;0.0;0.0
19.76;0.0;0.0
19.77;0.0;0.0
19.78;0.0;0.0
19.79;0.0;0.0
19.8;0.0;0.0
19.81;0.0;0.0
19.82;0.0;0.0
19.830000000000002;0.0;0.0
19.84;0.0;0.0
19.85;0.0;0.0
19.86;0.0;0.0
19.87;0.0;0.0
19.88;0.0;0.0
19.89;0.0;0.0
19.900000000000002;0.0;0.0
19.91;0.0;0.0
19.92;0.0;0.0
19.93;0.0;0.0
19.94;0.0;0.0
19.95;0.0;0.0
19.96;0.0;0.0
19.97;0.0;0.0
19.98;0.0;0.0
19.990000000000002;0.0;0.0
20.0;0.0;0.0
20.01;0.0;0.0
20.02;0.0;0.0
20.03;0.0;0.0
20.04;0.0;0.0
20.05;0.0;0.0
20.06;0.0;0.0
20.07;0.0;0.0
20.080000000000002;0.0;0.0
20.09;0.0;0.0
20.1;0.0;0.0
20.11;0.0;0.0
20.12;0.0;0.0
20.13;0.0;0.0
20.14;0.0;0.0
20.150000000000002;0.0;0.0
20.16;0.0;0.0
20.17;0.0;0.0
20.18;0.0;0.0
20.19;0.0;0.0
20.2;0.0;0.0
20.21;0.0;0.0
20.22;0.0;0.0
20.23;0.0;0.0
20.240000000000002;0.0;0.0
20.25;0.0;0.0
20.26;0.0;0.0
20.27;0.0;0.0
20.28;0.0;0.0
20.29;0.0;0.0
20.3;0.0;0.0
20.31;0.0;0.0
20.32;0.0;0.0
20.330000000000002;0.0;0.0
20.34;0.0;0.0
20.35;0.0;0.0
20.36;0.0;0.0
20.37;0.0;0.0
20.38;0.0;0.0
20.39;0.0;0.0
20.400000000000002;0.0;0.0
20.41;0.0;0.0
20.42;0.0;0.0
20.43;0.0;0.0
20.44;0.0;0.0
20.45;0.0;0.0
20.46;0.0;0.0
20.47;0.0;0.0
20.48;0.0;0.0
20.490000000000002;0.0;0.0
20.5;0.0;0.0
20.51;0.0;0.0
20.52;0.0;0.0
20.53;0.0;0.0
20.54;0.0;0.0
20.55;0.0;0.0
20.56;0.0;0.0
20.57;0.0;0.0
20.580000000000002;0.0;0.0
20.59;0.0;0.0
20.6;0.0;0.0
20.61;0.0;0.0
20.62;0.0;0.0
20.63;0.0;0.0
20.64;0.0;0.0
20.650000000000002;0.0;0.0
20.66;0.0;0.0
20.67;0.0;0.0
20.68;0.0;0.0
20.69;0.0;0.0
20.7;0.0;0.0
20.71;0.0;0.0
20.72;0.0;0.0
20.73;0.0;0.0
20.740000000000002;0.0;0.0
20.75;0.0;0.0
20.76;0.0;0.0
20.77;0.0;0.0
20.78;0.0;0.0
20.79;0.0;0.0
20.8;0.0;0.0
20.81;0.0;0.0
20.82;0.0;0.0
20.830000000000002;0.0;0.0
20.84;0.0;0.0
20.85;0.0;0.0
20.86;0.0;0.0
20.87;0.0;0.0
20.88;0.0;0.0
20.89;0.0;0.0
20.900000000000002;0.0;0.0
20.91;0.0;0.0
20.92;0.0;0.0
20.93;0.0;0.0
20.94;0.0;0.0
20.95;0.0;0.0
20.96;0.0;0.0
20.97;0.0;0.0
20.98;0.0;0.0
20.990000000000002;0.0;0.0
21.0;0.0;0.0
21.01;0.0;0.0
21.02;0.0;0.0
21.03;0.0;0.0
21.04;0.0;0.0
21.05;0.0;0.0
21.06;0.0;0.0
21.07;0.0;0.0
21.080000000000002;0.0;0.0
21.09;0.0;0.0
21.1;0.0;0.0
21.11;0.0;0.0
21.12;0.0;0.0
21.13;0.0;0.0
21.14;0.0;0.0
21.150000000000002;0.0;0.0
21.16;0.0;0.0
21.17;0.0;0.0
21.18;0.0;0.0
21.19;0.0;0.0
21.2;0.0;0.0
21.21;0.0;0.0
21.22;0.0;0.0
21.23;0.0;0.0
21.240000000000002;0.0;0.0
21.25;0.0;0.0
21.26;0.0;0.0
21.27;0.0;0.0
21.28;0.0;0.0
21.29;0.0;0.0
21.3;0.0;0.0
21.31;0.0;0.0
21.32;0.0;0.0
21.330000000000002;0.0;0.0
21.34;0.0;0.0
21.35;0.0;0.0
21.36;0.0;0.0
21.37;0.0;0.0
21.38;0.0;0.0
21.39;0.0;0.0
21.400000000000002;0.0;0.0
21.41;0.0;0.0
21.42;0.0;0.0
21.43;0.0;0.0
21.44;0.0;0.0
21.45;0.0;0.0
21.46;0.0;0.0
21.47;0.0;0.0
21.48;0.0;0.0
21.490000000000002;0.0;0.0
21.5;0.0;0.0
21.51;0.0;0.0
21.52;0.0;0.0
21.53;0.0;0.0
21.54;0.0;0.0
21.55;0.0;0.0
21.56;0.0;0.0
21.57;0.0;0.0
21.580000000000002;0.0;0.0
21.59;0.0;0.0
21.6;0.0;0.0
21.61;0.0;0.0
21.62;0.0;0.0
21.63;0.0;0.0
21.64;0.0;0.0
21.650000000000002;0.0;0.0
21.66;0.0;0.0
21.67;0.0;0.0
21.68;0.0;0.0
21.69;0.0;0.0
21.7;0.0;0.0
21.71;0.0;0.0
21.72;0.0;0.0
21.73;0.0;0.0
21.740000000000002;0.0;0.0
21.75;0.0;0.0
21.76;0.0;0.0
21.77;0.0;0.0
21.78;0.0;0.0
21.79;0.0;0.0
21.8;0.0;0.0
21.81;0.0;0.0
21.82;0.0;0.0
21.830000000000002;0.0;0.0
21.84;0.0;0.0
21.85;0.0;0.0
21.86;0.0;0.0
21.87;0.0;0.0
21.88;0.0;0.0
21.89;0.0;0.0
21.900000000000002;0.0;0.0
21.91;0.0;0.0
21.92;0.0;0.0
21.93;0.0;0.0
21.94;0.0;0.0
21.95;0.0;0.0
21.96;0.0;0.0
21.97;0.0;0.0
21.98;0.0;0.0
21.990000000000002;0.0;0.0
22.0;0.0;0.0
22.01;0.0;0.0
22.02;0.0;0.0
22.03;0.0;0.0
22.04;0.0;0.0
22.05;0.0;0.0
22.06;0.0;0.0
22.07;0.0;0.0
22.080000000000002;0.0;0.0
22.09;0.0;0.0
22.1;0.0;0.0
22.11;0.0;0.0
22.12;0.0;0.0
22.13;0.0;0.0
22.14;0.0;0.0
22.150000000000002;0.0;0.0
22.16;0.0;0.0
22.17;0.0;0.0
22.18;0.0;0.0
22.19;0.0;0.0
22.2;0.0;0.0
22.21;0.0;0.0
22.22;0.0;0.0
22.23;0.0;0.0
22.240000000000002;0.0;0.0
22.25;0.0;0.0
22.26;0.0;0.0
22.27;0.0;0.0
22.28;0.0;0.0
22.29;0.0;0.0
22.3;0.0;0.0
22.31;0.0;0.0
22.32;0.0;0.0
22.330000000000002;0.0;0.0
22.34;0.0;0.0
22.35;0.0;0.0
22.36;0.0;0.0
22.37;0.0;0.0
22.38;0.0;0.0
22.39;0.0;0.0
22.400000000000002;0.0;0.0
22.41;0.0;0.0
22.42;0.0;0.0
22.43;0.0;0.0
22.44;0.0;0.0
22.45;0.0;0.0
22.46;0.0;0.0
22.47;0.0;0.0
22.48;0.0;0.0
