time;ADC1_Channel_1;ADC1_Channel_2;ADC1_Channel_3;ADC1_Channel_4
0;0;0;1000;0
1;0;0;1000;0
2;0;0;1000;0
3;0;0;1000;0
4;0;0;1000;0
5;0;0;1000;0
6;0;0;1000;0
7;0;0;1000;0
8;0;0;1000;0
9;0;0;1000;0
10;0;0;1000;0
11;0;0;1000;0
12;0;0;1000;0
13;0;0;1000;0
14;0;0;1000;0
15;0;0;1000;0
16;0;0;1000;0
17;0;0;1000;0
18;0;0;1000;0
19;0;0;1000;0
20;0;0;1000;0
21;0;0;1000;0
22;0;0;1000;0
23;0;0;1000;0
24;0;0;1000;0
25;0;0;1000;0
26;0;0;1000;0
27;0;0;1000;0
28;0;0;1000;0
29;0;0;1000;0
30;0;0;1000;0
31;0;0;1000;0
32;0;0;1000;0
33;0;0;1000;0
34;0;0;1000;0
35;0;0;1000;0
36;0;0;1000;0
37;0;0;1000;0
38;0;0;1000;0
39;0;0;1000;0
40;0;0;1000;0
41;0;0;1000;0
42;0;0;1000;0
43;0;0;1000;0
44;0;0;1000;0
45;0;0;1000;0
46;0;0;1000;0
47;0;0;1000;0
48;0;0;1000;0
49;0;0;1000;0
50;0;0;1000;0
51;0;0;1000;0
52;0;0;1000;0
53;0;0;1000;0
54;0;0;1000;0
55;0;0;1000;0
56;0;0;1000;0
57;0;0;1000;0
58;0;0;1000;0
59;0;0;1000;0
60;0;0;1000;0
61;0;0;1000;0
62;0;0;1000;0
63;0;0;1000;0
64;0;0;1000;0
65;0;0;1000;0
66;0;0;1000;0
67;0;0;1000;0
68;0;0;1000;0
69;0;0;1000;0
70;0;0;1000;0
71;0;0;1000;0
72;0;0;1000;0
73;0;0;1000;0
74;0;0;1000;0
75;0;0;1000;0
76;0;0;1000;0
77;0;0;1000;0
78;0;0;1000;0
79;0;0;1000;0
80;0;0;1000;0
81;0;0;1000;0
82;0;0;1000;0
83;0;0;1000;0
84;0;0;1000;0
85;0;0;1000;0
86;0;0;1000;0
87;0;0;1000;0
88;0;0;1000;0
89;0;0;1000;0
90;0;0;1000;0
91;0;0;1000;0
92;0;0;1000;0
93;0;0;1000;0
94;0;0;1000;0
95;0;0;1000;0
96;0;0;1000;0
97;0;0;1000;0
98;0;0;1000;0
99;0;0;1000;0
100;0;0;1000;0
101;0;0;1000;0
102;0;0;1000;0
103;0;0;1000;0
104;0;0;1000;0
105;0;0;1000;0
106;0;0;1000;0
107;0;0;1000;0
108;0;0;1000;0
109;0;0;1000;0
110;0;0;1000;0
111;0;0;1000;0
112;0;0;1000;0
113;0;0;1000;0
114;0;0;1000;0
115;0;0;1000;0
116;0;0;1000;0
117;0;0;1000;0
118;0;0;1000;0
119;0;0;1000;0
120;0;0;1000;0
121;0;0;1000;0
122;0;0;1000;0
123;0;0;1000;0
124;0;0;1000;0
125;0;0;1000;0
126;0;0;1000;0
127;0;0;1000;0
128;0;0;1000;0
129;0;0;1000;0
130;0;0;1000;0
131;0;0;1000;0
132;0;0;1000;0
133;0;0;1000;0
134;0;0;1000;0
135;0;0;1000;0
136;0;0;1000;0
137;0;0;1000;0
138;0;0;1000;0
139;0;0;1000;0
140;0;0;1000;0
141;0;0;1000;0
142;0;0;1000;0
143;0;0;1000;0
144;0;0;1000;0
145;0;0;1000;0
146;0;0;1000;0
147;0;0;1000;0
148;0;0;1000;0
149;0;0;1000;0
150;0;0;1000;0
151;0;0;1000;0
152;0;0;1000;0
153;0;0;1000;0
154;0;0;1000;0
155;0;0;1000;0
156;0;0;1000;0
157;0;0;1000;0
158;0;0;1000;0
159;0;0;1000;0
160;0;0;1000;0
161;0;0;1000;0
162;0;0;1000;0
163;0;0;1000;0
164;0;0;1000;0
165;0;0;1000;0
166;0;0;1000;0
167;0;0;1000;0
168;0;0;1000;0
169;0;0;1000;0
170;0;0;1000;0
171;0;0;1000;0
172;0;0;1000;0
173;0;0;1000;0
174;0;0;1000;0
175;0;0;1000;0
176;0;0;1000;0
177;0;0;1000;0
178;0;0;1000;0
179;0;0;1000;0
180;0;0;1000;0
181;0;0;1000;0
182;0;0;1000;0
183;0;0;1000;0
184;0;0;1000;0
185;0;0;1000;0
186;0;0;1000;0
187;0;0;1000;0
188;0;0;1000;0
189;0;0;1000;0
190;0;0;1000;0
191;0;0;1000;0
192;0;0;1000;0
193;0;0;1000;0
194;0;0;1000;0
195;0;0;1000;0
196;0;0;1000;0
197;0;0;1000;0
198;0;0;1000;0
199;0;0;1000;0
200;0;0;1000;0
201;0;0;1000;0
202;0;0;1000;0
203;0;0;1000;0
204;0;0;1000;0
205;0;0;1000;0
206;0;0;1000;0
207;0;0;1000;0
208;0;0;1000;0
209;0;0;1000;0
210;0;0;1000;0
211;0;0;1000;0
212;0;0;1000;0
213;0;0;1000;0
214;0;0;1000;0
215;0;0;1000;0
216;0;0;1000;0
217;0;0;1000;0
218;0;0;1000;0
219;0;0;1000;0
220;0;0;1000;0
221;0;0;1000;0
222;0;0;1000;0
223;0;0;1000;0
224;0;0;1000;0
225;0;0;1000;0
226;0;0;1000;0
227;0;0;1000;0
228;0;0;1000;0
229;0;0;1000;0
230;0;0;1000;0
231;0;0;1000;0
232;0;0;1000;0
233;0;0;1000;0
234;0;0;1000;0
235;0;0;1000;0
236;0;0;1000;0
237;0;0;1000;0
238;0;0;1000;0
239;0;0;1000;0
240;0;0;1000;0
241;0;0;1000;0
242;0;0;1000;0
243;0;0;1000;0
244;0;0;1000;0
245;0;0;1000;0
246;0;0;1000;0
247;0;0;1000;0
248;0;0;1000;0
249;0;0;1000;0
250;0;0;1000;0
251;0;0;1000;0
252;0;0;1000;0
253;0;0;1000;0
254;0;0;1000;0
255;0;0;1000;0
256;0;0;1000;0
257;0;0;1000;0
258;0;0;1000;0
259;0;0;1000;0
260;0;0;1000;0
261;0;0;1000;0
262;0;0;1000;0
263;0;0;1000;0
264;0;0;1000;0
265;0;0;1000;0
266;0;0;1000;0
267;0;0;1000;0
268;0;0;1000;0
269;0;0;1000;0
270;0;0;1000;0
271;0;0;1000;0
272;0;0;1000;0
273;0;0;1000;0
274;0;0;1000;0
275;0;0;1000;0
276;0;0;1000;0
277;0;0;1000;0
278;0;0;1000;0
279;0;0;1000;0
280;0;0;1000;0
281;0;0;1000;0
282;0;0;1000;0
283;0;0;1000;0
284;0;0;1000;0
285;0;0;1000;0
286;0;0;1000;0
287;0;0;1000;0
288;0;0;1000;0
289;0;0;1000;0
290;0;0;1000;0
291;0;0;1000;0
292;0;0;1000;0
293;0;0;1000;0
294;0;0;1000;0
295;0;0;1000;0
296;0;0;1000;0
297;0;0;1000;0
298;0;0;1000;0
299;0;0;1000;0
300;0;0;1000;0
301;0;0;1000;0
302;0;0;1000;0
303;0;0;1000;0
304;0;0;1000;0
305;0;0;1000;0
306;0;0;1000;0
307;0;0;1000;0
308;0;0;1000;0
309;0;0;1000;0
310;0;0;1000;0
311;0;0;1000;0
312;0;0;1000;0
313;0;0;1000;0
314;0;0;1000;0
315;0;0;1000;0
316;0;0;1000;0
317;0;0;1000;0
318;0;0;1000;0
319;0;0;1000;0
320;0;0;1000;0
321;0;0;1000;0
322;0;0;1000;0
323;0;0;1000;0
324;0;0;1000;0
325;0;0;1000;0
326;0;0;1000;0
327;0;0;1000;0
328;0;0;1000;0
329;0;0;1000;0
330;0;0;1000;0
331;0;0;1000;0
332;0;0;1000;0
333;0;0;1000;0
334;0;0;1000;0
335;0;0;1000;0
336;0;0;1000;0
337;0;0;1000;0
338;0;0;1000;0
339;0;0;1000;0
340;0;0;1000;0
341;0;0;1000;0
342;0;0;1000;0
343;0;0;1000;0
344;0;0;1000;0
345;0;0;1000;0
346;0;0;1000;0
347;0;0;1000;0
348;0;0;1000;0
349;0;0;1000;0
350;0;0;1000;0
351;0;0;1000;0
352;0;0;1000;0
353;0;0;1000;0
354;0;0;1000;0
355;0;0;1000;0
356;0;0;1000;0
357;0;0;1000;0
358;0;0;1000;0
359;0;0;1000;0
360;0;0;1000;0
361;0;0;1000;0
362;0;0;1000;0
363;0;0;1000;0
364;0;0;1000;0
365;0;0;1000;0
366;0;0;1000;0
367;0;0;1000;0
368;0;0;1000;0
369;0;0;1000;0
370;0;0;1000;0
371;0;0;1000;0
372;0;0;1000;0
373;0;0;1000;0
374;0;0;1000;0
375;0;0;1000;0
376;0;0;1000;0
377;0;0;1000;0
378;0;0;1000;0
379;0;0;1000;0
380;0;0;1000;0
381;0;0;1000;0
382;0;0;1000;0
383;0;0;1000;0
384;0;0;1000;0
385;0;0;1000;0
386;0;0;1000;0
387;0;0;1000;0
388;0;0;1000;0
389;0;0;1000;0
390;0;0;1000;0
391;0;0;1000;0
392;0;0;1000;0
393;0;0;1000;0
394;0;0;1000;0
395;0;0;1000;0
396;0;0;1000;0
397;0;0;1000;0
398;0;0;1000;0
399;0;0;1000;0
400;0;0;1000;0
401;0;0;1000;0
402;0;0;1000;0
403;0;0;1000;0
404;0;0;1000;0
405;0;0;1000;0
406;0;0;1000;0
407;0;0;1000;0
408;0;0;1000;0
409;0;0;1000;0
410;0;0;1000;0
411;0;0;1000;0
412;0;0;1000;0
413;0;0;1000;0
414;0;0;1000;0
415;0;0;1000;0
416;0;0;1000;0
417;0;0;1000;0
418;0;0;1000;0
419;0;0;1000;0
420;0;0;1000;0
421;0;0;1000;0
422;0;0;1000;0
423;0;0;1000;0
424;0;0;1000;0
425;0;0;1000;0
426;0;0;1000;0
427;0;0;1000;0
428;0;0;1000;0
429;0;0;1000;0
430;0;0;1000;0
431;0;0;1000;0
432;0;0;1000;0
433;0;0;1000;0
434;0;0;1000;0
435;0;0;1000;0
436;0;0;1000;0
437;0;0;1000;0
438;0;0;1000;0
439;0;0;1000;0
440;0;0;1000;0
441;0;0;1000;0
442;0;0;1000;0
443;0;0;1000;0
444;-8;0;0;0
445;-18;0;0;-6
446;-28;0;0;-15
447;-38;0;0;-27
448;-48;0;0;-42
449;-58;0;0;-51
450;-68;0;0;-51
451;-78;0;0;-81
452;-88;0;0;-102
453;-98;-1;0;-72
454;-108;-1;0;-93
455;-118;-2;0;-144
456;-128;-2;0;-99
457;-138;-3;0;-132
458;-148;-4;0;-153
459;-158;-6;0;-117
460;-168;-9;0;-186
461;-178;-12;0;-147
462;-188;-14;0;-171
463;-198;-18;0;-156
464;-208;-22;0;-180
465;-218;-26;0;-219
466;-228;-30;0;-156
467;-238;-35;0;-231
468;-248;-40;0;-234
469;-258;-44;0;-183
470;-268;-49;0;-228
471;-278;-54;0;-255
472;-288;-59;0;-213
473;-298;-64;0;-222
474;-308;-69;0;-270
475;-318;-74;0;-291
476;-328;-79;0;-213
477;-338;-84;0;-231
478;-348;-88;0;-255
479;-358;-93;0;-255
480;-368;-97;0;-276
481;-378;-100;0;-306
482;-388;-104;0;-300
483;-398;-108;0;-255
484;-408;-111;0;-285
485;-418;-114;0;-276
486;-428;-117;0;-246
487;-438;-120;0;-285
488;-448;-122;0;-297
489;-458;-125;0;-303
490;-468;-128;0;-276
491;-478;-130;0;-333
492;-488;-132;0;-375
493;-498;-134;0;-324
494;-500;-136;0;-393
495;-500;-137;0;-396
496;-500;-139;0;-315
497;-500;-141;0;-336
498;-500;-142;0;-327
499;-500;-144;0;-297
500;-500;-145;0;-255
501;-500;-147;0;-291
502;-500;-148;0;-285
503;-500;-150;0;-240
504;-500;-151;0;-276
505;-500;-152;0;-285
506;-500;-155;0;-261
507;-500;-161;0;-306
508;-500;-168;0;-291
509;-500;-175;0;-237
510;-500;-182;0;-192
511;-500;-189;0;-255
512;-500;-196;0;-267
513;-500;-202;0;-189
514;-500;-208;0;-207
515;-500;-214;0;-243
516;-500;-220;0;-198
517;-500;-225;0;-198
518;-500;-230;0;-237
519;-500;-235;0;-255
520;-500;-240;0;-174
521;-500;-246;0;-216
522;-500;-251;0;-249
523;-500;-256;0;-180
524;-500;-262;0;-201
525;-500;-268;0;-249
526;-500;-274;0;-201
527;-500;-279;0;-204
528;-500;-285;0;-243
529;-500;-291;0;-261
530;-500;-296;0;-183
531;-500;-301;0;-204
532;-500;-306;0;-243
533;-500;-311;0;-171
534;-500;-316;0;-186
535;-500;-321;0;-225
536;-500;-326;0;-153
537;-500;-331;0;-204
538;-500;-336;0;-156
539;-500;-340;0;-177
540;-500;-344;0;-141
541;-500;-348;0;-168
542;-500;-352;0;-150
543;-500;-356;0;-138
544;-500;-359;0;-135
545;-500;-363;0;-156
546;-500;-366;0;-123
547;-500;-370;0;-138
548;-500;-374;0;-117
549;-500;-377;0;-144
550;-500;-380;0;-108
551;-500;-383;0;-111
552;-500;-385;0;-147
553;-500;-388;0;-84
554;-500;-391;0;-126
555;-500;-393;0;-120
556;-500;-396;0;-90
557;-500;-398;0;-105
558;-500;-401;0;-108
559;-500;-403;0;-87
560;-500;-405;0;-93
561;-500;-408;0;-108
562;-500;-410;0;-78
563;-500;-412;0;-81
564;-500;-414;0;-111
565;-500;-416;0;-81
566;-500;-418;0;-75
567;-500;-420;0;-87
568;-500;-422;0;-90
569;-500;-424;0;-72
570;-500;-425;0;-63
571;-500;-427;0;-90
572;-500;-429;0;-78
573;-500;-430;0;-66
574;-500;-432;0;-57
575;-500;-434;0;-72
576;-500;-435;0;-78
577;-500;-437;0;-57
578;-500;-438;0;-57
579;-500;-439;0;-60
580;-500;-441;0;-60
581;-500;-442;0;-72
582;-500;-443;0;-54
583;-500;-444;0;-54
584;-500;-445;0;-45
585;-500;-446;0;-60
586;-500;-447;0;-66
587;-500;-448;0;-72
588;-500;-449;0;-42
589;-500;-450;0;-45
590;-500;-451;0;-51
591;-500;-452;0;-45
592;-500;-453;0;-57
593;-500;-454;0;-48
594;-500;-455;0;-36
595;-500;-456;0;-48
596;-500;-456;0;-42
597;-500;-457;0;-42
598;-500;-458;0;-45
599;-500;-459;0;-45
600;-500;-460;0;-45
601;-500;-461;0;-33
602;-500;-462;0;-42
603;-500;-462;0;-36
604;-500;-463;0;-33
605;-500;-464;0;-39
606;-500;-465;0;-39
607;-500;-465;0;-36
608;-500;-466;0;-39
609;-500;-466;0;-30
610;-500;-467;0;-27
611;-500;-467;0;-30
612;-500;-468;0;-30
613;-500;-468;0;-30
614;-500;-469;0;-30
615;-500;-469;0;-36
616;-500;-469;0;-36
617;-500;-470;0;-33
618;-500;-470;0;-30
619;-500;-470;0;-30
620;-500;-471;0;-27
621;-500;-471;0;-33
622;-500;-471;0;-21
623;-500;-472;0;-27
624;-500;-472;0;-33
625;-500;-472;0;-27
626;-500;-473;0;-33
627;-500;-473;0;-30
628;-500;-473;0;-24
629;-500;-474;0;-27
630;-500;-474;0;-24
631;-500;-474;0;-24
632;-500;-474;0;-27
633;-500;-475;0;-27
634;-500;-475;0;-24
635;-500;-475;0;-24
636;-500;-476;0;-30
637;-500;-476;0;-24
638;-500;-476;0;-24
639;-500;-477;0;-27
640;-500;-477;0;-27
641;-500;-477;0;-27
642;-500;-478;0;-21
643;-500;-478;0;-18
644;-500;-478;0;-21
645;-500;-479;0;-21
646;-500;-479;0;-21
647;-500;-479;0;-15
648;-500;-480;0;-18
649;-500;-480;0;-21
650;-500;-480;0;-21
651;-500;-481;0;-15
652;-500;-481;0;-18
653;-500;-481;0;-18
654;-500;-482;0;-18
655;-500;-482;0;-18
656;-500;-482;0;-21
657;-500;-482;0;-18
658;-500;-482;0;-15
659;-500;-483;0;-15
660;-500;-483;0;-15
661;-500;-483;0;-15
662;-500;-484;0;-18
663;-500;-484;0;-18
664;-500;-484;0;-15
665;-500;-484;0;-12
666;-500;-485;0;-15
667;-500;-485;0;-18
668;-500;-485;0;-21
669;-500;-485;0;-12
670;-500;-486;0;-15
671;-500;-486;0;-18
672;-500;-486;0;-18
673;-500;-486;0;-12
674;-500;-486;0;-15
675;-500;-487;0;-15
676;-500;-487;0;-15
677;-500;-487;0;-12
678;-500;-487;0;-9
679;-500;-487;0;-12
680;-500;-487;0;-12
681;-500;-488;0;-12
682;-500;-488;0;-12
683;-500;-488;0;-15
684;-500;-488;0;-15
685;-500;-488;0;-12
686;-500;-488;0;-9
687;-500;-488;0;-9
688;-500;-488;0;-9
689;-500;-488;0;-12
690;-500;-488;0;-15
691;-500;-488;0;-12
692;-500;-489;0;-15
693;-500;-489;0;-12
694;-500;-489;0;-9
695;-500;-489;0;-12
696;-500;-489;0;-12
697;-500;-489;0;-12
698;-500;-489;0;-12
699;-500;-489;0;-12
700;-500;-489;0;-12
701;-500;-489;0;-15
702;-500;-489;0;-12
703;-500;-489;0;-12
704;-500;-489;0;-6
705;-500;-490;0;-9
706;-500;-490;0;-9
707;-500;-490;0;-6
708;-500;-490;0;-9
709;-500;-490;0;-12
710;-500;-490;0;-12
711;-500;-490;0;-15
712;-500;-490;0;-9
713;-500;-490;0;-9
714;-500;-490;0;-6
715;-500;-490;0;-6
716;-500;-490;0;-6
717;-500;-490;0;-9
718;-500;-490;0;-9
719;-500;-490;0;-12
720;-500;-490;0;-12
721;-500;-490;0;-12
722;-500;-490;0;-6
723;-500;-490;0;-6
724;-500;-490;0;-9
725;-500;-490;0;-12
726;-500;-490;0;-9
727;-500;-490;0;-9
728;-500;-490;0;-9
729;-500;-491;0;-9
730;-500;-491;0;-12
731;-500;-491;0;-12
732;-500;-491;0;-9
733;-500;-491;0;-9
734;-500;-491;0;-6
735;-500;-491;0;-9
736;-500;-491;0;-6
737;-500;-491;0;-9
738;-500;-491;0;-9
739;-500;-491;0;-6
740;-500;-491;0;-9
741;-500;-491;0;-9
742;-500;-491;0;-12
743;-500;-491;0;-12
744;-500;-491;0;-9
745;-500;-491;0;-9
746;-500;-491;0;-6
747;-500;-491;0;-6
748;-500;-491;0;-6
749;-500;-491;0;-9
750;-500;-491;0;-6
751;-500;-491;0;-9
752;-500;-491;0;-12
753;-500;-491;0;-12
754;-500;-491;0;-15
755;-500;-491;0;-9
756;-500;-491;0;-6
757;-500;-492;0;-6
758;-500;-492;0;-3
759;-500;-492;0;-3
760;-500;-492;0;-9
761;-500;-492;0;-12
762;-500;-492;0;-9
763;-500;-492;0;-9
764;-500;-492;0;-6
765;-500;-492;0;-9
766;-500;-492;0;-9
767;-500;-492;0;-12
768;-500;-492;0;-6
769;-500;-492;0;-6
770;-500;-492;0;-9
771;-500;-492;0;-9
772;-500;-492;0;-6
773;-500;-492;0;-6
774;-500;-492;0;-6
775;-500;-492;0;-6
776;-500;-492;0;-6
777;-500;-492;0;-6
778;-500;-492;0;-6
779;-500;-492;0;-6
780;-500;-492;0;-9
781;-500;-492;0;-9
782;-500;-492;0;-12
783;-500;-492;0;-15
784;-500;-492;0;-9
785;-500;-492;0;-6
786;-500;-492;0;-3
787;-500;-492;0;-6
788;-500;-492;0;-6
789;-500;-492;0;-9
790;-500;-492;0;-6
791;-500;-492;0;-6
792;-500;-492;0;-12
793;-500;-492;0;-9
794;-500;-492;0;-12
795;-500;-492;0;-12
796;-500;-492;0;-6
797;-500;-492;0;-6
798;-500;-492;0;-6
799;-500;-492;0;-9
800;-500;-492;0;-9
801;-500;-492;0;-9
802;-500;-492;0;-9
803;-500;-492;0;-9
804;-500;-492;0;-9
805;-500;-492;0;-9
806;-500;-492;0;-9
807;-500;-492;0;-9
808;-500;-492;0;-9
809;-500;-492;0;-9
810;-500;-492;0;-3
811;-500;-492;0;-6
812;-500;-492;0;-9
813;-500;-492;0;0
814;-500;-492;0;-6
815;-500;-492;0;-6
816;-500;-492;0;-9
817;-500;-492;0;-6
818;-500;-492;0;-6
819;-500;-492;0;-6
820;-500;-492;0;-12
821;-500;-492;0;-12
822;-500;-492;0;-9
823;-500;-492;0;-9
824;-500;-492;0;-3
825;-500;-492;0;-6
826;-500;-492;0;-9
827;-500;-492;0;-6
828;-500;-492;0;-6
829;-500;-492;0;-12
830;-500;-492;0;-9
831;-500;-493;0;-12
832;-500;-493;0;-9
833;-500;-493;0;-6
834;-500;-493;0;-6
835;-500;-493;0;-6
836;-500;-493;0;-6
837;-500;-493;0;-3
838;-500;-493;0;-9
839;-500;-493;0;-9
840;-500;-493;0;-6
841;-500;-493;0;-9
842;-500;-493;0;-9
843;-500;-493;0;-6
844;-500;-493;0;-9
845;-500;-493;0;-9
846;-500;-493;0;-6
847;-500;-493;0;-6
848;-500;-493;0;-9
849;-500;-493;0;-9
850;-500;-493;0;-6
851;-500;-493;0;-6
852;-500;-493;0;-3
853;-500;-493;0;-6
854;-500;-493;0;-9
855;-500;-493;0;-9
856;-500;-493;0;-6
857;-500;-493;0;-6
858;-500;-493;0;-6
859;-500;-493;0;-9
860;-500;-493;0;-6
861;-500;-493;0;-15
862;-500;-493;0;-9
863;-500;-493;0;-6
864;-500;-493;0;-9
865;-500;-493;0;-6
866;-500;-493;0;-3
867;-500;-493;0;-6
868;-500;-493;0;-9
869;-500;-493;0;-6
870;-500;-493;0;-6
871;-500;-493;0;-6
872;-500;-493;0;-9
873;-500;-493;0;-9
874;-500;-493;0;-12
875;-500;-493;0;-9
876;-500;-493;0;-3
877;-500;-493;0;-6
878;-500;-493;0;-3
879;-500;-493;0;-3
880;-500;-493;0;-6
881;-500;-493;0;-9
882;-500;-493;0;-9
883;-500;-493;0;-9
884;-500;-493;0;-6
885;-500;-493;0;-9
886;-500;-493;0;-6
887;-500;-493;0;-6
888;-500;-493;0;-12
889;-500;-493;0;-6
890;-500;-493;0;-9
891;-500;-493;0;-9
892;-500;-493;0;-6
893;-500;-493;0;-6
894;-492;-493;0;-3
895;-482;-493;0;0
896;-472;-493;0;3
897;-462;-493;0;3
898;-452;-493;0;6
899;-442;-493;1000;6
900;-432;-493;1000;0
901;-422;-493;1000;9
902;-412;-493;1000;45
903;-402;-490;1000;78
904;-392;-482;1000;117
905;-382;-477;1000;135
906;-372;-474;1000;99
907;-362;-472;1000;156
908;-352;-470;1000;120
909;-342;-467;1000;135
910;-332;-465;1000;129
911;-322;-463;1000;111
912;-312;-462;1000;174
913;-302;-460;1000;132
914;-292;-459;1000;177
915;-282;-458;1000;150
916;-272;-456;1000;201
917;-262;-454;1000;168
918;-252;-452;1000;186
919;-242;-450;1000;246
920;-232;-447;1000;198
921;-222;-445;1000;174
922;-212;-441;1000;261
923;-202;-437;1000;252
924;-192;-433;1000;192
925;-182;-428;1000;240
926;-172;-423;1000;282
927;-162;-418;1000;267
928;-152;-413;1000;240
929;-142;-408;1000;246
930;-132;-402;1000;243
931;-122;-395;1000;219
932;-112;-389;1000;279
933;-102;-381;1000;300
934;-92;-373;1000;288
935;-82;-365;1000;300
936;-72;-356;1000;330
937;-62;-347;1000;300
938;-52;-338;1000;246
939;-42;-330;1000;273
940;-32;-321;1000;261
941;-22;-311;1000;261
942;-12;-302;1000;234
943;-2;-293;1000;282
944;0;-282;1000;279
945;0;-272;1000;252
946;0;-262;1000;297
947;0;-252;1000;309
948;0;-242;1000;279
949;0;-232;1000;195
950;0;-222;1000;210
951;0;-213;1000;246
952;0;-204;1000;198
953;0;-196;1000;180
954;0;-187;1000;228
955;0;-179;1000;192
956;0;-171;1000;147
957;0;-163;1000;195
958;0;-156;1000;150
959;0;-149;1000;162
960;0;-142;1000;129
961;0;-135;1000;171
962;0;-128;1000;105
963;0;-122;1000;120
964;0;-116;1000;129
965;0;-110;1000;99
966;0;-104;1000;114
967;0;-99;1000;102
968;0;-94;1000;90
969;0;-90;1000;99
970;0;-86;1000;93
971;0;-81;1000;72
972;0;-77;1000;84
973;0;-73;1000;99
974;0;-70;1000;66
975;0;-66;1000;60
976;0;-63;1000;63
977;0;-60;1000;78
978;0;-57;1000;60
979;0;-54;1000;51
980;0;-51;1000;42
981;0;-49;1000;54
982;0;-46;1000;54
983;0;-44;1000;45
984;0;-41;1000;45
985;0;-39;1000;39
986;0;-37;1000;33
987;0;-35;1000;36
988;0;-34;1000;36
989;0;-32;1000;33
990;0;-30;1000;30
991;0;-28;1000;33
992;0;-27;1000;30
993;0;-26;1000;24
994;0;-24;1000;27
995;0;-23;1000;27
996;0;-22;1000;21
997;0;-21;1000;18
998;0;-20;1000;21
999;0;-19;1000;21
1000;0;-18;1000;18
1001;0;-17;1000;18
1002;0;-16;1000;15
1003;0;-15;1000;15
1004;0;-14;1000;15
1005;0;-14;1000;12
1006;0;-13;1000;12
1007;0;-13;1000;9
1008;0;-12;1000;12
1009;0;-12;1000;12
1010;0;-11;1000;9
1011;0;-10;1000;12
1012;0;-10;1000;9
1013;0;-10;1000;6
1014;0;-9;1000;9
1015;0;-9;1000;9
1016;0;-9;1000;6
1017;0;-8;1000;9
1018;0;-8;1000;9
1019;0;-8;1000;6
1020;0;-7;1000;6
1021;0;-7;1000;6
1022;0;-7;1000;6
1023;0;-7;1000;6
1024;0;-6;1000;6
1025;0;-6;1000;6
1026;0;-6;1000;3
1027;0;-6;1000;3
1028;0;-6;1000;6
1029;0;-5;1000;6
1030;0;-5;1000;6
1031;0;-5;1000;6
1032;0;-5;1000;6
1033;0;-4;1000;3
1034;0;-4;1000;6
1035;0;-4;1000;0
1036;0;-4;1000;3
1037;0;-4;1000;3
1038;0;-4;1000;3
1039;0;-4;1000;3
1040;0;-3;1000;3
1041;0;-3;1000;0
1042;0;-3;1000;0
1043;0;-3;1000;0
1044;0;-3;1000;3
1045;0;-3;1000;3
1046;0;-3;1000;6
1047;0;-2;1000;6
1048;0;-2;1000;3
1049;0;-2;1000;0
1050;0;-2;1000;0
1051;0;-2;1000;0
1052;0;-2;1000;0
1053;0;-2;1000;0
1054;0;-2;1000;3
1055;0;-2;1000;0
1056;0;-2;1000;3
1057;0;-2;1000;3
1058;0;-2;1000;3
1059;0;-2;1000;0
1060;0;-2;1000;3
1061;0;-2;1000;3
1062;0;-2;1000;3
1063;0;-1;1000;3
1064;0;-1;1000;0
1065;0;-1;1000;0
1066;0;-1;1000;3
1067;0;-1;1000;0
1068;0;-1;1000;0
1069;0;-1;1000;0
1070;0;-1;1000;0
1071;0;-1;1000;0
1072;0;-1;1000;0
1073;0;-1;1000;3
1074;0;-1;1000;3
1075;0;-1;1000;3
1076;0;-1;1000;0
1077;0;-1;1000;3
1078;0;-1;1000;3
1079;0;-1;1000;0
1080;0;-1;1000;0
1081;0;-1;1000;0
1082;0;-1;1000;0
1083;0;-1;1000;0
1084;0;-1;1000;0
1085;0;-1;1000;0
1086;0;-1;1000;3
1087;0;-1;1000;0
1088;0;-1;1000;0
1089;0;-1;1000;0
1090;0;-1;1000;3
1091;0;-1;1000;3
1092;0;-1;1000;0
1093;0;-1;1000;0
1094;0;-1;1000;0
1095;0;-1;1000;0
1096;0;-1;1000;3
1097;0;-1;1000;0
1098;0;-1;1000;0
1099;0;-1;1000;0
1100;0;-1;1000;0
1101;0;-1;1000;0
1102;0;-1;1000;0
1103;0;-1;1000;0
1104;0;-1;1000;0
1105;0;-1;1000;3
1106;0;-1;1000;0
1107;0;-1;1000;0
1108;0;-1;1000;0
1109;0;-1;1000;0
1110;0;-1;1000;0
1111;0;-1;1000;3
1112;0;-1;1000;0
1113;0;-1;1000;0
1114;0;-1;1000;0
1115;0;-1;1000;0
1116;0;-1;1000;0
1117;0;-1;1000;0
1118;0;-1;1000;0
1119;0;-1;1000;0
1120;0;-1;1000;3
1121;0;-1;1000;3
1122;0;-1;1000;3
1123;0;-1;1000;0
1124;0;-1;1000;0
1125;0;-1;1000;0
1126;0;-1;1000;0
1127;0;-1;1000;3
1128;0;-1;1000;0
1129;0;-1;1000;0
1130;0;-1;1000;3
1131;0;-1;1000;0
1132;0;-1;1000;0
1133;0;-1;1000;0
1134;0;-1;1000;0
1135;0;-1;1000;0
1136;0;-1;1000;0
1137;0;-1;1000;0
1138;0;-1;1000;0
1139;0;-1;1000;0
1140;0;-1;1000;0
1141;0;-1;1000;3
1142;0;-1;1000;0
1143;0;-1;1000;3
1144;0;-1;1000;3
1145;0;-1;1000;0
1146;0;-1;1000;0
1147;0;-1;1000;0
1148;0;-1;1000;3
1149;0;-1;1000;3
1150;0;-1;1000;3
1151;0;-1;1000;0
1152;0;-1;1000;3
1153;0;-1;1000;0
1154;0;-1;1000;3
1155;0;-1;1000;0
1156;0;-1;1000;0
1157;0;-1;1000;0
1158;0;-1;1000;0
1159;0;-1;1000;0
1160;0;-1;1000;0
1161;0;-1;1000;0
1162;0;-1;1000;0
1163;0;-1;1000;0
1164;0;-1;1000;0
1165;0;-1;1000;0
1166;0;-1;1000;3
1167;0;-1;1000;0
1168;0;-1;1000;0
1169;0;-1;1000;3
1170;0;-1;1000;0
1171;0;-1;1000;3
1172;0;-1;1000;0
1173;0;-1;1000;0
1174;0;-1;1000;3
1175;0;-1;1000;0
1176;0;-1;1000;0
1177;0;-1;1000;0
1178;0;-1;1000;0
1179;0;-1;1000;0
1180;0;-1;1000;3
1181;0;-1;1000;0
1182;0;-1;1000;0
1183;0;-1;1000;0
1184;0;-1;1000;0
1185;0;-1;1000;0
1186;0;-1;1000;0
1187;0;-1;1000;0
1188;0;-1;1000;3
1189;0;-1;1000;0
1190;0;-1;1000;0
1191;0;-1;1000;0
1192;0;-1;1000;0
1193;0;-1;1000;0
1194;0;-1;1000;0
1195;0;-1;1000;0
1196;0;-1;1000;0
1197;0;-1;1000;0
1198;0;-1;1000;0
1199;0;-1;1000;0
1200;0;-1;1000;0
1201;0;-1;1000;3
1202;0;-1;1000;3
1203;0;-1;1000;0
1204;0;-1;1000;3
1205;0;-1;1000;3
1206;0;-1;1000;3
1207;0;-1;1000;3
1208;0;-1;1000;3
1209;0;-1;1000;0
1210;0;-1;1000;0
1211;0;-1;1000;0
1212;0;-1;1000;0
1213;0;-1;1000;0
1214;0;-1;1000;0
1215;0;-1;1000;0
1216;0;-1;1000;0
1217;0;-1;1000;0
1218;0;-1;1000;3
1219;0;-1;1000;0
1220;0;-1;1000;0
1221;0;-1;1000;0
1222;0;-1;1000;0
1223;0;-1;1000;0
1224;0;-1;1000;0
1225;0;-1;1000;0
1226;0;-1;1000;3
1227;0;-1;1000;3
1228;0;-1;1000;3
1229;0;-1;1000;3
1230;0;-1;1000;0
1231;0;-1;1000;3
1232;0;-1;1000;0
1233;0;-1;1000;0
1234;0;-1;1000;0
1235;0;-1;1000;0
1236;0;-1;1000;0
1237;0;-1;1000;3
1238;0;-1;1000;3
1239;0;-1;1000;0
1240;0;-1;1000;0
1241;0;-1;1000;0
1242;0;-1;1000;0
1243;0;-1;1000;0
1244;-8;-1;1000;0
1245;-18;-1;1000;-3
1246;-28;-1;0;3
1247;-38;-1;0;-6
1248;-48;-1;0;-12
1249;-58;-1;0;-33
1250;-68;-1;0;-63
1251;-78;-1;0;-78
1252;-88;-1;0;-93
1253;-98;-2;0;-84
1254;-108;-4;0;-90
1255;-118;-5;0;-132
1256;-128;-8;0;-102
1257;-138;-10;0;-123
1258;-148;-13;0;-138
1259;-158;-15;0;-132
1260;-168;-18;0;-147
1261;-178;-22;0;-123
1262;-188;-25;0;-183
1263;-198;-29;0;-156
1264;-208;-33;0;-171
1265;-218;-37;0;-186
1266;-228;-41;0;-168
1267;-238;-45;0;-204
1268;-248;-50;0;-156
1269;-250;-54;0;-210
1270;-250;-58;0;-228
1271;-250;-62;0;-150
1272;-250;-66;0;-222
1273;-250;-70;0;-186
1274;-250;-73;0;-147
1275;-250;-76;0;-204
1276;-250;-79;0;-159
1277;-250;-82;0;-180
1278;-250;-85;0;-129
1279;-250;-87;0;-198
1280;-250;-90;0;-147
1281;-250;-92;0;-153
1282;-250;-95;0;-147
1283;-250;-97;0;-168
1284;-250;-99;0;-147
1285;-250;-101;0;-150
1286;-250;-103;0;-132
1287;-250;-105;0;-171
1288;-250;-107;0;-111
1289;-250;-109;0;-171
1290;-250;-110;0;-123
1291;-250;-112;0;-144
1292;-250;-114;0;-126
1293;-250;-115;0;-153
1294;-250;-116;0;-138
1295;-250;-118;0;-114
1296;-250;-119;0;-150
1297;-250;-120;0;-114
1298;-250;-121;0;-141
1299;-250;-122;0;-96
1300;-250;-123;0;-141
1301;-250;-124;0;-132
1302;-250;-126;0;-99
1303;-250;-126;0;-153
1304;-250;-128;0;-105
1305;-250;-128;0;-120
1306;-250;-129;0;-126
1307;-250;-130;0;-105
1308;-250;-131;0;-150
1309;-250;-132;0;-90
1310;-250;-132;0;-123
1311;-250;-133;0;-129
1312;-250;-134;0;-90
1313;-250;-134;0;-135
1314;-250;-135;0;-117
1315;-250;-136;0;-102
1316;-250;-136;0;-126
1317;-250;-137;0;-96
1318;-250;-138;0;-114
1319;-250;-138;0;-114
1320;-250;-139;0;-81
1321;-250;-139;0;-123
1322;-250;-140;0;-117
1323;-250;-140;0;-84
1324;-250;-141;0;-126
1325;-250;-141;0;-117
1326;-250;-142;0;-84
1327;-250;-142;0;-132
1328;-250;-143;0;-102
1329;-250;-143;0;-96
1330;-250;-144;0;-120
1331;-250;-144;0;-96
1332;-250;-145;0;-99
1333;-250;-145;0;-126
1334;-250;-146;0;-87
1335;-250;-146;0;-99
1336;-250;-147;0;-129
1337;-250;-147;0;-87
1338;-250;-148;0;-93
1339;-250;-148;0;-129
1340;-250;-149;0;-93
1341;-250;-149;0;-81
1342;-250;-150;0;-129
1343;-250;-150;0;-93
1344;-250;-150;0;-90
1345;-250;-151;0;-102
1346;-250;-151;0;-99
1347;-250;-152;0;-90
1348;-250;-152;0;-99
1349;-250;-153;0;-105
1350;-250;-153;0;-84
1351;-250;-153;0;-108
1352;-250;-154;0;-96
1353;-250;-154;0;-78
1354;-250;-154;0;-99
1355;-250;-155;0;-90
1356;-250;-156;0;-72
1357;-250;-156;0;-90
1358;-250;-157;0;-114
1359;-250;-158;0;-78
1360;-250;-160;0;-84
1361;-250;-163;0;-105
1362;-250;-166;0;-87
1363;-250;-169;0;-63
1364;-250;-171;0;-81
1365;-250;-174;0;-99
1366;-250;-176;0;-69
1367;-250;-178;0;-54
1368;-250;-180;0;-72
1369;-250;-182;0;-90
1370;-250;-184;0;-60
1371;-250;-185;0;-60
1372;-250;-186;0;-60
1373;-250;-188;0;-69
1374;-250;-189;0;-63
1375;-250;-190;0;-57
1376;-250;-192;0;-57
1377;-250;-193;0;-48
1378;-250;-194;0;-60
1379;-250;-195;0;-66
1380;-250;-197;0;-51
1381;-250;-198;0;-45
1382;-250;-199;0;-45
1383;-250;-200;0;-51
1384;-250;-201;0;-48
1385;-250;-202;0;-57
1386;-250;-203;0;-48
1387;-250;-204;0;-42
1388;-250;-205;0;-39
1389;-250;-206;0;-39
1390;-250;-207;0;-48
1391;-250;-208;0;-51
1392;-250;-209;0;-42
1393;-250;-209;0;-60
1394;-250;-210;0;-33
1395;-250;-211;0;-39
1396;-250;-212;0;-30
1397;-250;-213;0;-42
1398;-250;-213;0;-39
1399;-250;-214;0;-36
1400;-250;-215;0;-39
1401;-250;-216;0;-36
1402;-250;-216;0;-30
1403;-250;-217;0;-30
1404;-250;-218;0;-33
1405;-250;-218;0;-30
1406;-250;-219;0;-30
1407;-250;-219;0;-33
1408;-250;-220;0;-33
1409;-250;-221;0;-27
1410;-250;-221;0;-30
1411;-250;-222;0;-30
1412;-250;-222;0;-27
1413;-250;-223;0;-27
1414;-250;-223;0;-27
1415;-250;-224;0;-24
1416;-250;-224;0;-21
1417;-250;-225;0;-27
1418;-250;-225;0;-27
1419;-250;-226;0;-27
1420;-250;-226;0;-24
1421;-250;-226;0;-24
1422;-250;-227;0;-27
1423;-250;-227;0;-21
1424;-250;-228;0;-18
1425;-250;-228;0;-21
1426;-250;-228;0;-27
1427;-250;-229;0;-21
1428;-250;-229;0;-15
1429;-250;-229;0;-18
1430;-250;-230;0;-21
1431;-250;-230;0;-21
1432;-250;-230;0;-21
1433;-250;-230;0;-21
1434;-250;-231;0;-21
1435;-250;-231;0;-18
1436;-250;-231;0;-21
1437;-250;-231;0;-21
1438;-250;-232;0;-18
1439;-250;-232;0;-15
1440;-250;-232;0;-12
1441;-250;-232;0;-18
1442;-250;-233;0;-24
1443;-250;-233;0;-15
1444;-250;-233;0;-15
1445;-250;-233;0;-15
1446;-250;-233;0;-18
1447;-250;-234;0;-18
1448;-250;-234;0;-21
1449;-250;-234;0;-15
1450;-250;-234;0;-12
1451;-250;-234;0;-18
1452;-250;-234;0;-18
1453;-250;-235;0;-12
1454;-250;-235;0;-18
1455;-250;-235;0;-18
1456;-250;-235;0;-15
1457;-250;-235;0;-12
1458;-250;-235;0;-12
1459;-250;-236;0;-12
1460;-250;-236;0;-12
1461;-250;-236;0;-18
1462;-250;-236;0;-18
1463;-250;-236;0;-12
1464;-250;-236;0;-9
1465;-250;-236;0;-12
1466;-250;-236;0;-15
1467;-250;-237;0;-12
1468;-250;-237;0;-15
1469;-242;-237;0;-15
1470;-232;-237;0;-3
1471;-222;-237;0;0
1472;-212;-237;0;0
1473;-202;-237;0;3
1474;-192;-237;1000;-6
1475;-182;-237;1000;9
1476;-172;-237;1000;6
1477;-162;-237;1000;21
1478;-152;-237;1000;66
1479;-142;-229;1000;141
1480;-132;-223;1000;93
1481;-122;-218;1000;144
1482;-112;-216;1000;120
1483;-102;-213;1000;114
1484;-92;-211;1000;129
1485;-82;-208;1000;93
1486;-72;-206;1000;150
1487;-62;-204;1000;135
1488;-52;-202;1000;129
1489;-42;-201;1000;168
1490;-32;-200;1000;162
1491;-22;-199;1000;150
1492;-12;-198;1000;183
1493;-2;-196;1000;165
1494;0;-194;1000;225
1495;0;-192;1000;168
1496;0;-190;1000;192
1497;0;-187;1000;234
1498;0;-185;1000;165
1499;0;-182;1000;201
1500;0;-179;1000;186
1501;0;-175;1000;171
1502;0;-172;1000;180
1503;0;-168;1000;153
1504;0;-165;1000;213
1505;0;-161;1000;138
1506;0;-157;1000;192
1507;0;-153;1000;141
1508;0;-149;1000;174
1509;0;-145;1000;117
1510;0;-141;1000;177
1511;0;-136;1000;120
1512;0;-132;1000;150
1513;0;-127;1000;111
1514;0;-122;1000;144
1515;0;-117;1000;123
1516;0;-112;1000;90
1517;0;-108;1000;135
1518;0;-104;1000;102
1519;0;-100;1000;84
1520;0;-96;1000;123
1521;0;-92;1000;93
1522;0;-89;1000;81
1523;0;-85;1000;99
1524;0;-82;1000;90
1525;0;-78;1000;69
1526;0;-76;1000;81
1527;0;-72;1000;81
1528;0;-69;1000;69
1529;0;-67;1000;60
1530;0;-64;1000;57
1531;0;-62;1000;78
1532;0;-59;1000;69
1533;0;-56;1000;57
1534;0;-54;1000;45
1535;0;-52;1000;54
1536;0;-50;1000;57
1537;0;-47;1000;51
1538;0;-45;1000;48
1539;0;-43;1000;45
1540;0;-41;1000;36
1541;0;-40;1000;36
1542;0;-38;1000;39
1543;0;-36;1000;42
1544;0;-34;1000;36
1545;0;-33;1000;36
1546;0;-31;1000;33
1547;0;-30;1000;24
1548;0;-28;1000;30
1549;0;-27;1000;24
1550;0;-26;1000;24
1551;0;-25;1000;24
1552;0;-24;1000;27
1553;0;-22;1000;27
1554;0;-21;1000;27
1555;0;-20;1000;18
1556;0;-19;1000;18
1557;0;-18;1000;18
1558;0;-18;1000;18
1559;0;-17;1000;21
1560;0;-16;1000;15
1561;0;-16;1000;15
1562;0;-15;1000;15
1563;0;-14;1000;15
1564;0;-14;1000;12
1565;0;-13;1000;12
1566;0;-13;1000;12
1567;0;-12;1000;9
1568;0;-12;1000;12
1569;0;-11;1000;12
1570;0;-10;1000;9
1571;0;-10;1000;9
1572;0;-10;1000;9
1573;0;-9;1000;9
1574;0;-9;1000;9
1575;0;-8;1000;12
1576;0;-8;1000;9
1577;0;-8;1000;9
1578;0;-7;1000;6
1579;0;-7;1000;6
1580;0;-7;1000;6
1581;0;-7;1000;6
1582;0;-6;1000;6
1583;0;-6;1000;6
1584;0;-6;1000;6
1585;0;-6;1000;6
1586;0;-6;1000;6
1587;0;-5;1000;3
1588;0;-5;1000;6
1589;0;-5;1000;3
1590;0;-5;1000;3
1591;0;-5;1000;6
1592;0;-4;1000;3
1593;0;-4;1000;3
1594;0;-4;1000;3
1595;0;-4;1000;0
1596;0;-4;1000;3
1597;0;-4;1000;6
1598;0;-4;1000;3
1599;0;-4;1000;6
1600;0;-3;1000;3
1601;0;-3;1000;0
1602;0;-3;1000;3
1603;0;-3;1000;0
1604;0;-3;1000;3
1605;0;-3;1000;3
1606;0;-3;1000;6
1607;0;-3;1000;3
1608;0;-3;1000;3
1609;0;-3;1000;3
1610;0;-3;1000;0
1611;0;-3;1000;3
1612;0;-2;1000;3
1613;0;-2;1000;3
1614;0;-2;1000;0
1615;0;-2;1000;0
1616;0;-2;1000;3
1617;0;-2;1000;3
1618;0;-2;1000;3
1619;0;-2;1000;3
1620;0;-2;1000;0
1621;0;-2;1000;3
1622;0;-2;1000;3
1623;0;-2;1000;0
1624;0;-2;1000;0
1625;0;-2;1000;3
1626;0;-2;1000;3
1627;0;-2;1000;0
1628;0;-2;1000;0
1629;0;-2;1000;3
1630;0;-2;1000;3
1631;0;-2;1000;3
1632;0;-2;1000;0
1633;0;-2;1000;3
1634;0;-2;1000;0
1635;0;-2;1000;0
1636;0;-2;1000;3
1637;0;-2;1000;3
1638;0;-2;1000;3
1639;0;-2;1000;3
1640;0;-2;1000;3
1641;0;-2;1000;3
1642;0;-2;1000;0
1643;0;-2;1000;3
1644;0;-2;1000;0
1645;0;-1;1000;0
1646;0;-1;1000;3
1647;0;-1;1000;3
1648;0;-1;1000;3
1649;0;-1;1000;0
1650;0;-1;1000;0
1651;0;-1;1000;0
1652;0;-1;1000;0
1653;0;-1;1000;0
1654;0;-1;1000;0
1655;0;-1;1000;3
1656;0;-1;1000;0
1657;0;-1;1000;3
1658;0;-1;1000;0
1659;0;-1;1000;0
1660;0;-1;1000;3
1661;0;-1;1000;0
1662;0;-1;1000;0
1663;0;-1;1000;0
1664;0;-1;1000;0
1665;0;-1;1000;3
1666;0;-1;1000;3
1667;0;-1;1000;3
1668;0;-1;1000;0
1669;0;-1;1000;3
1670;0;-1;1000;3
1671;0;-1;1000;0
1672;0;-1;1000;0
1673;0;-1;1000;0
1674;0;-1;1000;3
1675;0;-1;1000;0
1676;0;-1;1000;0
1677;0;-1;1000;3
1678;0;-1;1000;0
1679;0;-1;1000;0
1680;0;-1;1000;0
1681;0;-1;1000;0
1682;0;-1;1000;0
1683;0;-1;1000;3
1684;0;-1;1000;0
1685;0;-1;1000;0
1686;0;-1;1000;0
1687;0;-1;1000;3
1688;0;-1;1000;0
1689;0;-1;1000;0
1690;0;-1;1000;0
1691;0;-1;1000;3
1692;0;-1;1000;0
1693;0;-1;1000;0
1694;0;-1;1000;0
1695;0;-1;1000;3
1696;0;-1;1000;0
1697;0;-1;1000;0
1698;0;-1;1000;3
1699;0;-1;1000;3
1700;0;-1;1000;3
1701;0;-1;1000;3
1702;0;-1;1000;3
1703;0;-1;1000;0
1704;0;-1;1000;0
1705;0;-1;1000;0
1706;0;-1;1000;0
1707;0;-1;1000;0
1708;0;-1;1000;0
1709;0;-1;1000;3
1710;0;-1;1000;3
1711;0;-1;1000;3
1712;0;-1;1000;3
1713;0;-1;1000;3
1714;0;-1;1000;3
1715;0;-1;1000;3
1716;0;-1;1000;3
1717;0;-1;1000;3
1718;0;-1;1000;3
1719;0;-1;1000;0
1720;0;-1;1000;0
1721;0;-1;1000;0
1722;0;-1;1000;0
1723;0;-1;1000;0
1724;0;-1;1000;0
1725;0;-1;1000;0
1726;0;-1;1000;0
1727;0;-1;1000;3
1728;0;-1;1000;0
1729;0;-1;1000;0
1730;0;-1;1000;0
1731;0;-1;1000;0
1732;0;-1;1000;3
1733;0;-1;1000;0
1734;0;-1;1000;3
1735;0;-1;1000;0
1736;0;-1;1000;3
1737;0;-1;1000;3
1738;0;-1;1000;0
1739;0;-1;1000;3
1740;0;-1;1000;3
1741;0;-1;1000;3
1742;0;-1;1000;3
1743;0;-1;1000;0
1744;0;-1;1000;3
1745;0;-1;1000;0
1746;0;-1;1000;0
1747;0;-1;1000;3
1748;0;-1;1000;3
1749;0;-1;1000;0
1750;0;-1;1000;3
1751;0;-1;1000;0
1752;0;-1;1000;3
1753;0;-1;1000;0
1754;0;-1;1000;0
1755;0;-1;1000;3
1756;0;-1;1000;0
1757;0;-1;1000;0
1758;0;-1;1000;0
1759;0;-1;1000;0
1760;0;-1;1000;0
1761;0;-1;1000;3
1762;0;-1;1000;3
1763;0;-1;1000;0
1764;0;-1;1000;3
1765;0;-1;1000;0
1766;0;-1;1000;0
1767;0;-1;1000;0
1768;0;-1;1000;3
1769;0;-1;1000;3
1770;0;-1;1000;0
1771;0;-1;1000;0
1772;0;-1;1000;0
1773;0;-1;1000;0
1774;0;-1;1000;3
1775;0;-1;1000;0
1776;0;-1;1000;3
1777;0;-1;1000;0
1778;0;-1;1000;3
1779;0;-1;1000;3
1780;0;-1;1000;0
1781;0;-1;1000;3
1782;0;-1;1000;0
1783;0;-1;1000;0
1784;0;-1;1000;0
1785;0;-1;1000;3
1786;0;-1;1000;3
1787;0;-1;1000;3
1788;0;-1;1000;3
1789;0;-1;1000;0
1790;0;-1;1000;3
1791;0;-1;1000;0
1792;0;-1;1000;0
1793;0;-1;1000;3
1794;0;0;1000;0
1795;0;0;1000;0
1796;0;0;1000;0
1797;0;0;1000;0
1798;0;0;1000;0
1799;0;0;1000;0
1800;0;0;1000;0
1801;0;0;1000;0
1802;0;0;1000;0
1803;0;0;1000;0
1804;0;0;1000;0
1805;0;0;1000;0
1806;0;0;1000;0
1807;0;0;1000;0
1808;0;0;1000;0
1809;0;0;1000;0
1810;0;0;1000;0
1811;0;0;1000;0
1812;0;0;1000;0
1813;0;0;1000;0
1814;0;0;1000;0
1815;0;0;1000;0
1816;0;0;1000;0
1817;0;0;1000;0
1818;0;0;1000;0
1819;0;0;1000;0
1820;0;0;1000;0
1821;0;0;1000;0
1822;0;0;1000;0
1823;0;0;1000;0
1824;0;0;1000;0
1825;0;0;1000;0
1826;0;0;1000;0
1827;0;0;1000;0
1828;0;0;1000;0
1829;0;0;1000;0
1830;0;0;1000;0
1831;0;0;1000;0
1832;0;0;1000;0
1833;0;0;1000;0
1834;0;0;1000;0
1835;0;0;1000;0
1836;0;0;1000;0
1837;0;0;1000;0
1838;0;0;1000;0
1839;0;0;1000;0
1840;0;0;1000;0
1841;0;0;1000;0
1842;0;0;1000;0
1843;0;0;1000;0
1844;0;0;1000;0
1845;0;0;1000;0
1846;0;0;1000;0
1847;0;0;1000;0
1848;0;0;1000;0
1849;0;0;1000;0
1850;0;0;1000;0
1851;0;0;1000;0
1852;0;0;1000;0
1853;0;0;1000;0
1854;0;0;1000;0
1855;0;0;1000;0
1856;0;0;1000;0
1857;0;0;1000;0
1858;0;0;1000;0
1859;0;0;1000;0
1860;0;0;1000;0
1861;0;0;1000;0
1862;0;0;1000;0
1863;0;0;1000;0
1864;0;0;1000;0
1865;0;0;1000;0
1866;0;0;1000;0
1867;0;0;1000;0
1868;0;0;1000;0
1869;0;0;1000;0
1870;0;0;1000;0
1871;0;0;1000;0
1872;0;0;1000;0
1873;0;0;1000;0
1874;0;0;1000;0
1875;0;0;1000;0
1876;0;0;1000;0
1877;0;0;1000;0
1878;0;0;1000;0
1879;0;0;1000;0
1880;0;0;1000;0
1881;0;0;1000;0
1882;0;0;1000;0
1883;0;0;1000;0
1884;0;0;1000;0
1885;0;0;1000;0
1886;0;0;1000;0
1887;0;0;1000;0
1888;0;0;1000;0
1889;0;0;1000;0
1890;0;0;1000;0
1891;0;0;1000;0
1892;0;0;1000;0
1893;0;0;1000;0
1894;0;0;1000;0
1895;0;0;1000;0
1896;0;0;1000;0
1897;0;0;1000;0
1898;0;0;1000;0
1899;0;0;1000;0
1900;0;0;1000;0
1901;0;0;1000;0
1902;0;0;1000;0
1903;0;0;1000;0
1904;0;0;1000;0
1905;0;0;1000;0
1906;0;0;1000;0
1907;0;0;1000;0
1908;0;0;1000;0
1909;0;0;1000;0
1910;0;0;1000;0
1911;0;0;1000;0
1912;0;0;1000;0
1913;0;0;1000;0
1914;0;0;1000;0
1915;0;0;1000;0
1916;0;0;1000;0
1917;0;0;1000;0
1918;0;0;1000;0
1919;0;0;1000;0
1920;0;0;1000;0
1921;0;0;1000;0
1922;0;0;1000;0
1923;0;0;1000;0
1924;0;0;1000;0
1925;0;0;1000;0
1926;0;0;1000;0
1927;0;0;1000;0
1928;0;0;1000;0
1929;0;0;1000;0
1930;0;0;1000;0
1931;0;0;1000;0
1932;0;0;1000;0
1933;0;0;1000;0
1934;0;0;1000;0
1935;0;0;1000;0
1936;0;0;1000;0
1937;0;0;1000;0
1938;0;0;1000;0
1939;0;0;1000;0
1940;0;0;1000;0
1941;0;0;1000;0
1942;0;0;1000;0
1943;0;0;1000;0
1944;0;0;1000;0
1945;0;0;1000;0
1946;0;0;1000;0
1947;0;0;1000;0
1948;0;0;1000;0
1949;0;0;1000;0
1950;0;0;1000;0
1951;0;0;1000;0
1952;0;0;1000;0
1953;0;0;1000;0
1954;0;0;1000;0
1955;0;0;1000;0
1956;0;0;1000;0
1957;0;0;1000;0
1958;0;0;1000;0
1959;0;0;1000;0
1960;0;0;1000;0
1961;0;0;1000;0
1962;0;0;1000;0
1963;0;0;1000;0
1964;0;0;1000;0
1965;0;0;1000;0
1966;0;0;1000;0
1967;0;0;1000;0
1968;0;0;1000;0
1969;0;0;1000;0
1970;0;0;1000;0
1971;0;0;1000;0
1972;0;0;1000;0
1973;0;0;1000;0
1974;0;0;1000;0
1975;0;0;1000;0
1976;0;0;1000;0
1977;0;0;1000;0
1978;0;0;1000;0
1979;0;0;1000;0
1980;0;0;1000;0
1981;0;0;1000;0
1982;0;0;1000;0
1983;0;0;1000;0
1984;0;0;1000;0
1985;0;0;1000;0
1986;0;0;1000;0
1987;0;0;1000;0
1988;0;0;1000;0
1989;0;0;1000;0
1990;0;0;1000;0
1991;0;0;1000;0
1992;0;0;1000;0
1993;0;0;1000;0
1994;0;0;1000;0
1995;0;0;1000;0
1996;0;0;1000;0
1997;0;0;1000;0
1998;0;0;1000;0
1999;0;0;1000;0
2000;0;0;1000;0
2001;0;0;1000;0
2002;0;0;1000;0
2003;0;0;1000;0
2004;0;0;1000;0
2005;0;0;1000;0
2006;0;0;1000;0
2007;0;0;1000;0
2008;0;0;1000;0
2009;0;0;1000;0
2010;0;0;1000;0
2011;0;0;1000;0
2012;0;0;1000;0
2013;0;0;1000;0
2014;0;0;1000;0
2015;0;0;1000;0
2016;0;0;1000;0
2017;0;0;1000;0
2018;0;0;1000;0
2019;0;0;1000;0
2020;0;0;1000;0
2021;0;0;1000;0
2022;0;0;1000;0
2023;0;0;1000;0
2024;0;0;1000;0
2025;0;0;1000;0
2026;0;0;1000;0
2027;0;0;1000;0
2028;0;0;1000;0
2029;0;0;1000;0
2030;0;0;1000;0
2031;0;0;1000;0
2032;0;0;1000;0
2033;0;0;1000;0
2034;0;0;1000;0
2035;0;0;1000;0
2036;0;0;1000;0
2037;0;0;1000;0
2038;0;0;1000;0
2039;0;0;1000;0
2040;0;0;1000;0
2041;0;0;1000;0
2042;0;0;1000;0
2043;0;0;1000;0
2044;0;0;1000;0
2045;0;0;1000;0
2046;0;0;1000;0
2047;0;0;1000;0
2048;0;0;1000;0
2049;0;0;1000;0
2050;0;0;1000;0
2051;0;0;1000;0
2052;0;0;1000;0
2053;0;0;1000;0
2054;0;0;1000;0
2055;0;0;1000;0
2056;0;0;1000;0
2057;0;0;1000;0
2058;0;0;1000;0
2059;0;0;1000;0
2060;0;0;1000;0
2061;0;0;1000;0
2062;0;0;1000;0
2063;0;0;1000;0
2064;0;0;1000;0
2065;0;0;1000;0
2066;0;0;1000;0
2067;0;0;1000;0
2068;0;0;1000;0
2069;0;0;1000;0
2070;0;0;1000;0
2071;0;0;1000;0
2072;0;0;1000;0
2073;0;0;1000;0
2074;0;0;1000;0
2075;0;0;1000;0
2076;0;0;1000;0
2077;0;0;1000;0
2078;0;0;1000;0
2079;0;0;1000;0
2080;0;0;1000;0
2081;0;0;1000;0
2082;0;0;1000;0
2083;0;0;1000;0
2084;0;0;1000;0
2085;0;0;1000;0
2086;0;0;1000;0
2087;0;0;1000;0
2088;0;0;1000;0
2089;0;0;1000;0
2090;0;0;1000;0
2091;0;0;1000;0
2092;0;0;1000;0
2093;0;0;1000;0
2094;0;0;1000;0
2095;0;0;1000;0
2096;0;0;1000;0
2097;0;0;1000;0
2098;0;0;1000;0
2099;0;0;1000;0
2100;0;0;1000;0
2101;0;0;1000;0
2102;0;0;1000;0
2103;0;0;1000;0
2104;0;0;1000;0
2105;0;0;1000;0
2106;0;0;1000;0
2107;0;0;1000;0
2108;0;0;1000;0
2109;0;0;1000;0
2110;0;0;1000;0
2111;0;0;1000;0
2112;0;0;1000;0
2113;0;0;1000;0
2114;0;0;1000;0
2115;0;0;1000;0
2116;0;0;1000;0
2117;0;0;1000;0
2118;0;0;1000;0
2119;0;0;1000;0
2120;0;0;1000;0
2121;0;0;1000;0
2122;0;0;1000;0
2123;0;0;1000;0
2124;0;0;1000;0
2125;0;0;1000;0
2126;0;0;1000;0
2127;0;0;1000;0
2128;0;0;1000;0
2129;0;0;1000;0
2130;0;0;1000;0
2131;0;0;1000;0
2132;0;0;1000;0
2133;0;0;1000;0
2134;0;0;1000;0
2135;0;0;1000;0
2136;0;0;1000;0
2137;0;0;1000;0
2138;0;0;1000;0
2139;0;0;1000;0
2140;0;0;1000;0
2141;0;0;1000;0
2142;0;0;1000;0
2143;0;0;1000;0
2144;0;0;1000;0
2145;0;0;1000;0
2146;0;0;1000;0
2147;0;0;1000;0
2148;0;0;1000;0
2149;0;0;1000;0
2150;0;0;1000;0
2151;0;0;1000;0
2152;0;0;1000;0
2153;0;0;1000;0
2154;0;0;1000;0
2155;0;0;1000;0
2156;0;0;1000;0
2157;0;0;1000;0
2158;0;0;1000;0
2159;0;0;1000;0
2160;0;0;1000;0
2161;0;0;1000;0
2162;0;0;1000;0
2163;0;0;1000;0
2164;0;0;1000;0
2165;0;0;1000;0
2166;0;0;1000;0
2167;0;0;1000;0
2168;0;0;1000;0
2169;0;0;1000;0
2170;0;0;1000;0
2171;0;0;1000;0
2172;0;0;1000;0
2173;0;0;1000;0
2174;0;0;1000;0
2175;0;0;1000;0
2176;0;0;1000;0
2177;0;0;1000;0
2178;0;0;1000;0
2179;0;0;1000;0
2180;0;0;1000;0
2181;0;0;1000;0
2182;0;0;1000;0
2183;0;0;1000;0
2184;0;0;1000;0
2185;0;0;1000;0
2186;0;0;1000;0
2187;0;0;1000;0
2188;0;0;1000;0
2189;0;0;1000;0
2190;0;0;1000;0
2191;0;0;1000;0
2192;0;0;1000;0
2193;0;0;1000;0
2194;0;0;1000;0
2195;0;0;1000;0
2196;0;0;1000;0
2197;0;0;1000;0
2198;0;0;1000;0
2199;0;0;1000;0
2200;0;0;1000;0
2201;0;0;1000;0
2202;0;0;1000;0
2203;0;0;1000;0
2204;0;0;1000;0
2205;0;0;1000;0
2206;0;0;1000;0
2207;0;0;1000;0
2208;0;0;1000;0
2209;0;0;1000;0
2210;0;0;1000;0
2211;0;0;1000;0
2212;0;0;1000;0
2213;0;0;1000;0
2214;0;0;1000;0
2215;0;0;1000;0
2216;0;0;1000;0
2217;0;0;1000;0
2218;0;0;1000;0
2219;0;0;1000;0
2220;0;0;1000;0
2221;0;0;1000;0
2222;0;0;1000;0
2223;0;0;1000;0
2224;0;0;1000;0
2225;0;0;1000;0
2226;0;0;1000;0
2227;0;0;1000;0
2228;0;0;1000;0
2229;0;0;1000;0
2230;0;0;1000;0
2231;0;0;1000;0
2232;0;0;1000;0
2233;0;0;1000;0
2234;0;0;1000;0
2235;0;0;1000;0
2236;0;0;1000;0
2237;0;0;1000;0
2238;0;0;1000;0
2239;0;0;1000;0
2240;0;0;1000;0
2241;0;0;1000;0
2242;0;0;1000;0
2243;0;0;1000;0
2244;0;0;1000;0
2245;0;0;1000;0
2246;0;0;1000;0
2247;0;0;1000;0
2248;0;0;1000;0
2249;0;0;1000;0
